insert into make (brand, model, capacity) values ('Toyota', 'Prius', 4);
insert into make (brand, model, capacity) values ('Chevrolet', 'Corvette', 6);
insert into make (brand, model, capacity) values ('Jaguar', 'XJ Series', 7);
insert into make (brand, model, capacity) values ('Volvo', 'V50', 6);
insert into make (brand, model, capacity) values ('Subaru', 'SVX', 7);
insert into make (brand, model, capacity) values ('Volkswagen', 'Golf', 2);
insert into make (brand, model, capacity) values ('Mitsubishi', 'Lancer', 3);
insert into make (brand, model, capacity) values ('Toyota', 'TundraMax', 3);
insert into make (brand, model, capacity) values ('Chevrolet', 'G-Series G20', 6);
insert into make (brand, model, capacity) values ('GMC', 'Jimmy', 2);
insert into make (brand, model, capacity) values ('Chrysler', 'PT Cruiser', 7);
insert into make (brand, model, capacity) values ('Ford', 'Thunderbird', 3);
insert into make (brand, model, capacity) values ('Volkswagen', 'Jetta', 3);
insert into make (brand, model, capacity) values ('Ford', 'F250', 7);
insert into make (brand, model, capacity) values ('Chrysler', 'Prowler', 5);
insert into make (brand, model, capacity) values ('Bentley', 'Continental Flying Spur', 7);
insert into make (brand, model, capacity) values ('Ford', 'Aerostar', 7);
insert into make (brand, model, capacity) values ('Toyota', 'Sienna', 5);
insert into make (brand, model, capacity) values ('Pontiac', 'Firebird', 7);
insert into make (brand, model, capacity) values ('Chevrolet', 'S10', 6);
insert into make (brand, model, capacity) values ('Kia', 'Sorento', 7);
insert into make (brand, model, capacity) values ('Mazda', 'Mazda6', 3);
insert into make (brand, model, capacity) values ('Jaguar', 'XK', 2);
insert into make (brand, model, capacity) values ('MINI', 'Clubman', 6);
insert into make (brand, model, capacity) values ('Subaru', 'Legacy', 3);
insert into make (brand, model, capacity) values ('Nissan', 'Armada', 7);
insert into make (brand, model, capacity) values ('Chevrolet', 'Suburban', 3);
insert into make (brand, model, capacity) values ('Porsche', '968', 7);
insert into make (brand, model, capacity) values ('Audi', 'S6', 6);
insert into make (brand, model, capacity) values ('Ferrari', '458 Italia', 7);

insert into car (car_id, license_plate, color, make_id) values (1, 'SPO5464T', 'Goldenrod', 30);
insert into car (car_id, license_plate, color, make_id) values (2, 'SZV2879U', 'Crimson', 18);
insert into car (car_id, license_plate, color, make_id) values (3, 'SAP2630Y', 'Mauv', 7);
insert into car (car_id, license_plate, color, make_id) values (4, 'SLK2310S', 'Yellow', 3);
insert into car (car_id, license_plate, color, make_id) values (5, 'SIB6198G', 'Fuscia', 15);
insert into car (car_id, license_plate, color, make_id) values (6, 'SHR5925J', 'Orange', 18);
insert into car (car_id, license_plate, color, make_id) values (7, 'SPA2363U', 'Orange', 19);
insert into car (car_id, license_plate, color, make_id) values (8, 'SES6749A', 'Red', 30);
insert into car (car_id, license_plate, color, make_id) values (9, 'SWG8778C', 'Red', 6);
insert into car (car_id, license_plate, color, make_id) values (10, 'SEL0227R', 'Green', 14);
insert into car (car_id, license_plate, color, make_id) values (11, 'STJ1954B', 'Fuscia', 20);
insert into car (car_id, license_plate, color, make_id) values (12, 'STO0269B', 'Violet', 14);
insert into car (car_id, license_plate, color, make_id) values (13, 'SOI7615E', 'Green', 26);
insert into car (car_id, license_plate, color, make_id) values (14, 'SMH1712B', 'Indigo', 25);
insert into car (car_id, license_plate, color, make_id) values (15, 'SJB8568Y', 'Green', 10);
insert into car (car_id, license_plate, color, make_id) values (16, 'SPM3189L', 'Puce', 19);
insert into car (car_id, license_plate, color, make_id) values (17, 'SZD2575R', 'Yellow', 1);
insert into car (car_id, license_plate, color, make_id) values (18, 'SGW4049E', 'Maroon', 9);
insert into car (car_id, license_plate, color, make_id) values (19, 'SHS5426C', 'Yellow', 5);
insert into car (car_id, license_plate, color, make_id) values (20, 'SQS8954T', 'Goldenrod', 29);
insert into car (car_id, license_plate, color, make_id) values (21, 'SBN4561Z', 'Indigo', 3);
insert into car (car_id, license_plate, color, make_id) values (22, 'STC2102Z', 'Maroon', 3);
insert into car (car_id, license_plate, color, make_id) values (23, 'SCH4310B', 'Goldenrod', 19);
insert into car (car_id, license_plate, color, make_id) values (24, 'SKW0865U', 'Crimson', 2);
insert into car (car_id, license_plate, color, make_id) values (25, 'SPZ3480B', 'Teal', 19);
insert into car (car_id, license_plate, color, make_id) values (26, 'SDN0294Y', 'Aquamarine', 26);
insert into car (car_id, license_plate, color, make_id) values (27, 'STP1338Z', 'Fuscia', 18);
insert into car (car_id, license_plate, color, make_id) values (28, 'SND3707M', 'Orange', 15);
insert into car (car_id, license_plate, color, make_id) values (29, 'SNQ7399Z', 'Green', 2);
insert into car (car_id, license_plate, color, make_id) values (30, 'SAE0288Z', 'Fuscia', 17);


insert into customer (customer_id, nric, has_driving_license, first_name, last_name, date_of_birth, preferred_make_id) values (1, 'F7142573T', true, 'Stephani', 'Kingswoode', '1976-08-06T17:21:52Z', 19);
insert into customer (customer_id, nric, has_driving_license, first_name, last_name, date_of_birth, preferred_make_id) values (2, 'F6663604Q', false, 'Burl', 'Welbrock', '1972-02-25T05:47:11Z', 25);
insert into customer (customer_id, nric, has_driving_license, first_name, last_name, date_of_birth, preferred_make_id) values (3, 'F7106091T', false, 'Osgood', 'Colman', '2020-04-14T22:52:01Z', null);
insert into customer (customer_id, nric, has_driving_license, first_name, last_name, date_of_birth, preferred_make_id) values (4, 'T2500602F', true, 'Christen', 'Jaggar', '1999-05-06T05:06:15Z', null);
insert into customer (customer_id, nric, has_driving_license, first_name, last_name, date_of_birth, preferred_make_id) values (5, 'F9126175T', true, 'Maribel', 'Rupel', '1968-10-25T04:08:38Z', 15);
insert into customer (customer_id, nric, has_driving_license, first_name, last_name, date_of_birth, preferred_make_id) values (6, 'G1486582P', false, 'Tabbatha', 'Giovani', '2015-03-14T18:31:06Z', 1);
insert into customer (customer_id, nric, has_driving_license, first_name, last_name, date_of_birth, preferred_make_id) values (7, 'G1922981K', true, 'Marge', 'Borles', '1994-10-01T19:30:09Z', null);
insert into customer (customer_id, nric, has_driving_license, first_name, last_name, date_of_birth, preferred_make_id) values (8, 'G2086168T', true, 'Godard', 'Fleg', '1968-02-23T03:45:55Z', 27);
insert into customer (customer_id, nric, has_driving_license, first_name, last_name, date_of_birth, preferred_make_id) values (9, 'T1185929H', true, 'Fairlie', 'Eastmead', '2018-09-17T14:32:12Z', 6);
insert into customer (customer_id, nric, has_driving_license, first_name, last_name, date_of_birth, preferred_make_id) values (10, 'M2369586X', true, 'Wandie', 'Dykes', '1965-06-10T06:16:33Z', 6);
insert into customer (customer_id, nric, has_driving_license, first_name, last_name, date_of_birth, preferred_make_id) values (11, 'G1752757L', false, 'Sutton', 'MacKenney', '1975-04-08T04:25:25Z', 4);
insert into customer (customer_id, nric, has_driving_license, first_name, last_name, date_of_birth, preferred_make_id) values (12, 'T0747058J', true, 'Kitti', 'Smardon', '2012-05-03T23:50:20Z', 17);
insert into customer (customer_id, nric, has_driving_license, first_name, last_name, date_of_birth, preferred_make_id) values (13, 'M2322378X', true, 'Nell', 'Veronique', '1996-12-20T22:05:57Z', 4);
insert into customer (customer_id, nric, has_driving_license, first_name, last_name, date_of_birth, preferred_make_id) values (14, 'G1782056M', false, 'Tyrus', 'Franz-Schoninger', '1966-11-25T01:12:48Z', 11);
insert into customer (customer_id, nric, has_driving_license, first_name, last_name, date_of_birth, preferred_make_id) values (15, 'S7172427A', false, 'Antone', 'Shoemark', '2000-07-04T15:35:34Z', 22);
insert into customer (customer_id, nric, has_driving_license, first_name, last_name, date_of_birth, preferred_make_id) values (16, 'T1868947I', false, 'Odessa', 'Martill', '1983-03-21T18:26:52Z', 15);
insert into customer (customer_id, nric, has_driving_license, first_name, last_name, date_of_birth, preferred_make_id) values (17, 'M2271170Q', false, 'Catlin', 'Tyas', '2004-03-06T07:43:16Z', null);
insert into customer (customer_id, nric, has_driving_license, first_name, last_name, date_of_birth, preferred_make_id) values (18, 'S8537239D', true, 'Hill', 'Boog', '2009-01-19T11:44:39Z', 7);
insert into customer (customer_id, nric, has_driving_license, first_name, last_name, date_of_birth, preferred_make_id) values (19, 'F7725958U', false, 'Cirilo', 'Giacomuzzo', '1993-11-23T09:40:44Z', 1);
insert into customer (customer_id, nric, has_driving_license, first_name, last_name, date_of_birth, preferred_make_id) values (20, 'S7310118B', true, 'Dalton', 'Bennedick', '1999-07-02T00:18:14Z', 6);
insert into customer (customer_id, nric, has_driving_license, first_name, last_name, date_of_birth, preferred_make_id) values (21, 'S8610332Z', false, 'Brucie', 'Hubbuck', '2023-06-23T20:50:34Z', 10);
insert into customer (customer_id, nric, has_driving_license, first_name, last_name, date_of_birth, preferred_make_id) values (22, 'G0147259W', true, 'Melisande', 'Stephens', '2009-03-29T10:21:16Z', 13);
insert into customer (customer_id, nric, has_driving_license, first_name, last_name, date_of_birth, preferred_make_id) values (23, 'G0402266T', false, 'Auria', 'Hedley', '1964-10-29T14:40:58Z', 18);
insert into customer (customer_id, nric, has_driving_license, first_name, last_name, date_of_birth, preferred_make_id) values (24, 'F7910905M', false, 'Sonni', 'Lye', '2017-04-21T10:12:46Z', 18);
insert into customer (customer_id, nric, has_driving_license, first_name, last_name, date_of_birth, preferred_make_id) values (25, 'F9227067W', false, 'Leroi', 'Bannester', '1989-12-26T11:17:51Z', 12);
insert into customer (customer_id, nric, has_driving_license, first_name, last_name, date_of_birth, preferred_make_id) values (26, 'F9153877Q', true, 'Orran', 'O''Noulane', '2015-12-29T18:48:52Z', 19);
insert into customer (customer_id, nric, has_driving_license, first_name, last_name, date_of_birth, preferred_make_id) values (27, 'G1222623W', true, 'Saxe', 'Lindenfeld', '1980-11-17T03:20:51Z', 7);
insert into customer (customer_id, nric, has_driving_license, first_name, last_name, date_of_birth, preferred_make_id) values (28, 'T0769962F', false, 'Nadean', 'Keatch', '1968-06-17T19:36:33Z', 16);
insert into customer (customer_id, nric, has_driving_license, first_name, last_name, date_of_birth, preferred_make_id) values (29, 'F8134533M', true, 'Marleah', 'Jakubovits', '2019-12-25T04:40:18Z', 3);
insert into customer (customer_id, nric, has_driving_license, first_name, last_name, date_of_birth, preferred_make_id) values (30, 'M2380158W', false, 'Salomon', 'Barnby', '1975-01-08T20:06:32Z', null);
insert into customer (customer_id, nric, has_driving_license, first_name, last_name, date_of_birth, preferred_make_id) values (31, 'F9057946X', false, 'Ransell', 'Schellig', '1963-06-07T16:47:32Z', 16);
insert into customer (customer_id, nric, has_driving_license, first_name, last_name, date_of_birth, preferred_make_id) values (32, 'S8867482J', true, 'Maddie', 'Rizziello', '1991-01-18T16:28:58Z', 17);
insert into customer (customer_id, nric, has_driving_license, first_name, last_name, date_of_birth, preferred_make_id) values (33, 'S7423523I', false, 'Dario', 'Elloit', '1998-09-24T16:32:58Z', 29);
insert into customer (customer_id, nric, has_driving_license, first_name, last_name, date_of_birth, preferred_make_id) values (34, 'S7741214Z', true, 'Garek', 'Mungane', '2017-07-26T17:42:03Z', 26);
insert into customer (customer_id, nric, has_driving_license, first_name, last_name, date_of_birth, preferred_make_id) values (35, 'F8815941K', false, 'Mora', 'Ledingham', '2007-01-28T22:27:57Z', 27);
insert into customer (customer_id, nric, has_driving_license, first_name, last_name, date_of_birth, preferred_make_id) values (36, 'S9941055H', true, 'Jeanelle', 'Pyper', '1977-04-23T03:33:19Z', 3);
insert into customer (customer_id, nric, has_driving_license, first_name, last_name, date_of_birth, preferred_make_id) values (37, 'F8642586Q', false, 'Abigail', 'Brimilcombe', '2020-10-15T17:43:37Z', 15);
insert into customer (customer_id, nric, has_driving_license, first_name, last_name, date_of_birth, preferred_make_id) values (38, 'S9079932J', false, 'Roxanne', 'Schenfisch', '2009-10-22T06:45:35Z', 3);
insert into customer (customer_id, nric, has_driving_license, first_name, last_name, date_of_birth, preferred_make_id) values (39, 'M2362042U', true, 'Pancho', 'Zannetti', '1982-09-24T00:02:52Z', 16);
insert into customer (customer_id, nric, has_driving_license, first_name, last_name, date_of_birth, preferred_make_id) values (40, 'S9288298E', true, 'Caro', 'Mearing', '2000-11-07T03:04:26Z', 3);
insert into customer (customer_id, nric, has_driving_license, first_name, last_name, date_of_birth, preferred_make_id) values (41, 'S7159239A', true, 'Godard', 'Perazzo', '1982-04-17T19:38:51Z', null);
insert into customer (customer_id, nric, has_driving_license, first_name, last_name, date_of_birth, preferred_make_id) values (42, 'F9558979X', false, 'Babb', 'Probey', '2021-06-20T17:41:31Z', 20);
insert into customer (customer_id, nric, has_driving_license, first_name, last_name, date_of_birth, preferred_make_id) values (43, 'T0847051G', false, 'Ivette', 'De Stoop', '1968-02-14T03:58:51Z', null);
insert into customer (customer_id, nric, has_driving_license, first_name, last_name, date_of_birth, preferred_make_id) values (44, 'F6653170T', true, 'Clemens', 'Duxbury', '2020-12-29T09:24:27Z', 15);
insert into customer (customer_id, nric, has_driving_license, first_name, last_name, date_of_birth, preferred_make_id) values (45, 'T1429959E', true, 'Elmore', 'Sagrott', '2015-04-10T05:29:04Z', 16);
insert into customer (customer_id, nric, has_driving_license, first_name, last_name, date_of_birth, preferred_make_id) values (46, 'S8930323J', true, 'Marcille', 'Bransden', '1994-10-25T06:15:41Z', null);
insert into customer (customer_id, nric, has_driving_license, first_name, last_name, date_of_birth, preferred_make_id) values (47, 'M2281835R', true, 'Dianna', 'McAndrew', '1975-11-28T19:54:46Z', 25);
insert into customer (customer_id, nric, has_driving_license, first_name, last_name, date_of_birth, preferred_make_id) values (48, 'T1119384B', true, 'Cristy', 'Scoullar', '1999-10-15T05:34:41Z', 3);
insert into customer (customer_id, nric, has_driving_license, first_name, last_name, date_of_birth, preferred_make_id) values (49, 'M2313489J', true, 'Glad', 'Bartoli', '2008-11-18T14:30:14Z', 16);
insert into customer (customer_id, nric, has_driving_license, first_name, last_name, date_of_birth, preferred_make_id) values (50, 'T2230574Z', false, 'Rozanne', 'Marcu', '1965-09-01T14:16:17Z', 28);
insert into customer (customer_id, nric, has_driving_license, first_name, last_name, date_of_birth, preferred_make_id) values (51, 'S8938346C', true, 'Chrysa', 'Baldassi', '1970-07-05T02:32:19Z', 30);
insert into customer (customer_id, nric, has_driving_license, first_name, last_name, date_of_birth, preferred_make_id) values (52, 'S8145178H', true, 'Nathanael', 'Provest', '1989-06-07T14:07:01Z', 1);
insert into customer (customer_id, nric, has_driving_license, first_name, last_name, date_of_birth, preferred_make_id) values (53, 'F7027055L', false, 'Marin', 'Kiely', '2022-07-17T23:58:40Z', 15);
insert into customer (customer_id, nric, has_driving_license, first_name, last_name, date_of_birth, preferred_make_id) values (54, 'S7012892F', true, 'Harlen', 'Collishaw', '1998-07-02T03:47:41Z', 30);
insert into customer (customer_id, nric, has_driving_license, first_name, last_name, date_of_birth, preferred_make_id) values (55, 'F9206968X', false, 'Raymond', 'Burrett', '2021-09-22T14:40:41Z', 9);
insert into customer (customer_id, nric, has_driving_license, first_name, last_name, date_of_birth, preferred_make_id) values (56, 'M2457888N', false, 'Vernen', 'Weyman', '1998-02-11T17:52:06Z', null);
insert into customer (customer_id, nric, has_driving_license, first_name, last_name, date_of_birth, preferred_make_id) values (57, 'F8389388P', false, 'Edd', 'Scarsbrook', '1972-10-13T01:28:57Z', 18);
insert into customer (customer_id, nric, has_driving_license, first_name, last_name, date_of_birth, preferred_make_id) values (58, 'M2256408T', false, 'Bud', 'Bessett', '1981-12-25T10:17:21Z', 2);
insert into customer (customer_id, nric, has_driving_license, first_name, last_name, date_of_birth, preferred_make_id) values (59, 'M2359596J', true, 'Jammie', 'Trask', '1999-02-12T14:05:34Z', 16);
insert into customer (customer_id, nric, has_driving_license, first_name, last_name, date_of_birth, preferred_make_id) values (60, 'M2209730R', true, 'Yasmin', 'Mowsdale', '1969-08-21T00:44:07Z', 26);
insert into customer (customer_id, nric, has_driving_license, first_name, last_name, date_of_birth, preferred_make_id) values (61, 'G0991684P', false, 'Daffy', 'Schubuser', '2006-05-26T23:28:16Z', 13);
insert into customer (customer_id, nric, has_driving_license, first_name, last_name, date_of_birth, preferred_make_id) values (62, 'G1017176N', true, 'Harrison', 'Nussey', '1997-09-21T19:06:29Z', 24);
insert into customer (customer_id, nric, has_driving_license, first_name, last_name, date_of_birth, preferred_make_id) values (63, 'S9968799A', false, 'Shawn', 'Hafner', '1975-10-02T04:35:07Z', 1);
insert into customer (customer_id, nric, has_driving_license, first_name, last_name, date_of_birth, preferred_make_id) values (64, 'F9305739L', true, 'Ivie', 'Ugoni', '2021-08-10T19:18:09Z', 17);
insert into customer (customer_id, nric, has_driving_license, first_name, last_name, date_of_birth, preferred_make_id) values (65, 'G1446881T', false, 'Alex', 'Howton', '1982-11-21T02:53:46Z', 2);
insert into customer (customer_id, nric, has_driving_license, first_name, last_name, date_of_birth, preferred_make_id) values (66, 'M2273702X', true, 'Odelinda', 'Tyrrell', '1978-08-15T00:59:22Z', 6);
insert into customer (customer_id, nric, has_driving_license, first_name, last_name, date_of_birth, preferred_make_id) values (67, 'F9515093N', false, 'Anastassia', 'Canedo', '2019-02-12T11:35:56Z', 28);
insert into customer (customer_id, nric, has_driving_license, first_name, last_name, date_of_birth, preferred_make_id) values (68, 'G0187590L', false, 'Theresina', 'Hedworth', '1992-04-08T09:10:18Z', 16);
insert into customer (customer_id, nric, has_driving_license, first_name, last_name, date_of_birth, preferred_make_id) values (69, 'G0565884K', false, 'Moina', 'Kulver', '1967-07-08T06:38:00Z', 27);
insert into customer (customer_id, nric, has_driving_license, first_name, last_name, date_of_birth, preferred_make_id) values (70, 'S8468638G', false, 'Alyss', 'Jeannin', '1990-05-21T22:21:14Z', 5);
insert into customer (customer_id, nric, has_driving_license, first_name, last_name, date_of_birth, preferred_make_id) values (71, 'T0811905D', false, 'Roxana', 'McIlwraith', '1963-02-09T22:14:40Z', 20);
insert into customer (customer_id, nric, has_driving_license, first_name, last_name, date_of_birth, preferred_make_id) values (72, 'F9558578R', false, 'Maurie', 'Boribal', '2003-08-26T15:49:54Z', null);
insert into customer (customer_id, nric, has_driving_license, first_name, last_name, date_of_birth, preferred_make_id) values (73, 'F9167457L', false, 'Efrem', 'Connold', '1973-09-14T16:33:52Z', 16);
insert into customer (customer_id, nric, has_driving_license, first_name, last_name, date_of_birth, preferred_make_id) values (74, 'T2577767G', true, 'Phillipe', 'Mortel', '1964-08-05T13:46:52Z', 24);
insert into customer (customer_id, nric, has_driving_license, first_name, last_name, date_of_birth, preferred_make_id) values (75, 'G1330551Q', false, 'Marlane', 'Moresby', '1960-07-29T01:04:42Z', 17);
insert into customer (customer_id, nric, has_driving_license, first_name, last_name, date_of_birth, preferred_make_id) values (76, 'G1178131X', true, 'Jamill', 'Ewbank', '2024-09-05T08:46:41Z', 6);
insert into customer (customer_id, nric, has_driving_license, first_name, last_name, date_of_birth, preferred_make_id) values (77, 'M2436652Q', true, 'Madalena', 'Gentric', '2015-10-04T05:58:10Z', 16);
insert into customer (customer_id, nric, has_driving_license, first_name, last_name, date_of_birth, preferred_make_id) values (78, 'S9590725C', true, 'Guss', 'Bonafant', '1993-03-02T20:19:46Z', 15);
insert into customer (customer_id, nric, has_driving_license, first_name, last_name, date_of_birth, preferred_make_id) values (79, 'F9013778Q', false, 'Korella', 'Sutherns', '1994-10-21T01:58:43Z', 16);
insert into customer (customer_id, nric, has_driving_license, first_name, last_name, date_of_birth, preferred_make_id) values (80, 'S8839113F', true, 'Linnet', 'Lanney', '2007-09-29T11:36:50Z', 21);
insert into customer (customer_id, nric, has_driving_license, first_name, last_name, date_of_birth, preferred_make_id) values (81, 'S0919121F', true, 'Griz', 'Reven', '1969-01-19T16:18:20Z', 29);
insert into customer (customer_id, nric, has_driving_license, first_name, last_name, date_of_birth, preferred_make_id) values (82, 'F8474359M', true, 'Gustie', 'Kunze', '2017-05-17T09:27:06Z', 6);
insert into customer (customer_id, nric, has_driving_license, first_name, last_name, date_of_birth, preferred_make_id) values (83, 'S9936477G', false, 'Fredrika', 'McGloughlin', '1972-08-28T19:20:47Z', 8);
insert into customer (customer_id, nric, has_driving_license, first_name, last_name, date_of_birth, preferred_make_id) values (84, 'S7302211H', false, 'Steffi', 'Othick', '1968-03-27T03:49:38Z', 10);
insert into customer (customer_id, nric, has_driving_license, first_name, last_name, date_of_birth, preferred_make_id) values (85, 'F9045075K', true, 'Max', 'Bevar', '1985-12-03T09:42:51Z', 15);
insert into customer (customer_id, nric, has_driving_license, first_name, last_name, date_of_birth, preferred_make_id) values (86, 'F8257961M', false, 'Cal', 'Snowling', '1988-12-17T09:19:03Z', 29);
insert into customer (customer_id, nric, has_driving_license, first_name, last_name, date_of_birth, preferred_make_id) values (87, 'G1450968U', true, 'Ernaline', 'Ottiwill', '2002-07-06T04:44:05Z', 19);
insert into customer (customer_id, nric, has_driving_license, first_name, last_name, date_of_birth, preferred_make_id) values (88, 'M2248168U', false, 'Berty', 'Winward', '2010-09-16T04:58:57Z', 18);
insert into customer (customer_id, nric, has_driving_license, first_name, last_name, date_of_birth, preferred_make_id) values (89, 'G2054165U', true, 'Matti', 'Curphey', '1989-07-11T00:34:12Z', 21);
insert into customer (customer_id, nric, has_driving_license, first_name, last_name, date_of_birth, preferred_make_id) values (90, 'T1068103G', true, 'Almeria', 'Guilder', '1994-11-21T16:25:45Z', 7);
insert into customer (customer_id, nric, has_driving_license, first_name, last_name, date_of_birth, preferred_make_id) values (91, 'G0101461M', false, 'Arly', 'Camlin', '1997-03-22T16:59:33Z', 18);
insert into customer (customer_id, nric, has_driving_license, first_name, last_name, date_of_birth, preferred_make_id) values (92, 'F8884865U', true, 'Nari', 'Kinnen', '1970-04-18T04:01:54Z', 3);
insert into customer (customer_id, nric, has_driving_license, first_name, last_name, date_of_birth, preferred_make_id) values (93, 'S9545069E', true, 'Cece', 'Eva', '1992-04-25T22:10:38Z', 16);
insert into customer (customer_id, nric, has_driving_license, first_name, last_name, date_of_birth, preferred_make_id) values (94, 'M2528925T', false, 'Edeline', 'Vedenichev', '2003-02-18T04:28:26Z', null);
insert into customer (customer_id, nric, has_driving_license, first_name, last_name, date_of_birth, preferred_make_id) values (95, 'S9753792E', true, 'Sheeree', 'Moore', '2001-09-14T17:03:15Z', 1);
insert into customer (customer_id, nric, has_driving_license, first_name, last_name, date_of_birth, preferred_make_id) values (96, 'M2261326R', false, 'Anthiathia', 'Carlon', '1975-07-03T02:15:31Z', 18);
insert into customer (customer_id, nric, has_driving_license, first_name, last_name, date_of_birth, preferred_make_id) values (97, 'F8766611P', true, 'Emera', 'MacPeice', '1970-07-06T17:58:13Z', 23);
insert into customer (customer_id, nric, has_driving_license, first_name, last_name, date_of_birth, preferred_make_id) values (98, 'T2589211E', false, 'Zorah', 'Algate', '1982-05-01T07:51:00Z', 30);
insert into customer (customer_id, nric, has_driving_license, first_name, last_name, date_of_birth, preferred_make_id) values (99, 'T1149244J', true, 'Gwenora', 'Cohani', '2009-07-04T18:19:53Z', 23);
insert into customer (customer_id, nric, has_driving_license, first_name, last_name, date_of_birth, preferred_make_id) values (100, 'G2127378W', true, 'Caty', 'Bleesing', '2015-06-29T17:50:08Z', 22);

INSERT INTO rental (rental_id, car_id, renter_id, start_date, end_date) VALUES (1, 9, 91, '9/9/2024', '9/18/2024');
INSERT INTO rental (rental_id, car_id, renter_id, start_date, end_date) VALUES (2, 22, 77, '3/27/2024', '4/5/2024');
INSERT INTO rental (rental_id, car_id, renter_id, start_date, end_date) VALUES (3, 26, 98, '1/11/2024', '1/18/2024');
INSERT INTO rental (rental_id, car_id, renter_id, start_date, end_date) VALUES (4, 9, 80, '5/10/2024', '5/24/2024');
INSERT INTO rental (rental_id, car_id, renter_id, start_date, end_date) VALUES (5, 17, 99, '10/25/2024', '11/5/2024');
INSERT INTO rental (rental_id, car_id, renter_id, start_date, end_date) VALUES (6, 18, 75, '7/6/2024', '7/16/2024');
INSERT INTO rental (rental_id, car_id, renter_id, start_date, end_date) VALUES (7, 25, 68, '3/17/2024', '3/26/2024');
INSERT INTO rental (rental_id, car_id, renter_id, start_date, end_date) VALUES (8, 18, 55, '8/15/2024', '8/19/2024');
INSERT INTO rental (rental_id, car_id, renter_id, start_date, end_date) VALUES (9, 29, 6, '9/4/2024', '9/8/2024');
INSERT INTO rental (rental_id, car_id, renter_id, start_date, end_date) VALUES (10, 11, 99, '10/13/2024', '10/24/2024');
INSERT INTO rental (rental_id, car_id, renter_id, start_date, end_date) VALUES (11, 6, 33, '3/11/2024', '3/15/2024');
INSERT INTO rental (rental_id, car_id, renter_id, start_date, end_date) VALUES (12, 13, 74, '11/19/2024', '11/27/2024');
INSERT INTO rental (rental_id, car_id, renter_id, start_date, end_date) VALUES (13, 26, 81, '4/27/2024', '5/11/2024');
INSERT INTO rental (rental_id, car_id, renter_id, start_date, end_date) VALUES (14, 7, 59, '8/9/2024', '8/10/2024');
INSERT INTO rental (rental_id, car_id, renter_id, start_date, end_date) VALUES (15, 28, 60, '11/8/2024', '11/15/2024');
INSERT INTO rental (rental_id, car_id, renter_id, start_date, end_date) VALUES (16, 2, 48, '3/25/2024', '3/28/2024');
INSERT INTO rental (rental_id, car_id, renter_id, start_date, end_date) VALUES (17, 25, 99, '2/3/2024', '2/16/2024');
INSERT INTO rental (rental_id, car_id, renter_id, start_date, end_date) VALUES (18, 13, 98, '2/22/2024', '3/7/2024');
INSERT INTO rental (rental_id, car_id, renter_id, start_date, end_date) VALUES (19, 23, 70, '5/27/2024', '6/8/2024');
INSERT INTO rental (rental_id, car_id, renter_id, start_date, end_date) VALUES (20, 6, 76, '3/22/2024', '3/29/2024');
INSERT INTO rental (rental_id, car_id, renter_id, start_date, end_date) VALUES (21, 7, 65, '7/2/2024', '7/12/2024');
INSERT INTO rental (rental_id, car_id, renter_id, start_date, end_date) VALUES (22, 23, 93, '10/3/2024', '10/17/2024');
INSERT INTO rental (rental_id, car_id, renter_id, start_date, end_date) VALUES (23, 2, 50, '2/4/2024', '2/17/2024');
INSERT INTO rental (rental_id, car_id, renter_id, start_date, end_date) VALUES (24, 17, 65, '10/8/2024', '10/13/2024');
INSERT INTO rental (rental_id, car_id, renter_id, start_date, end_date) VALUES (25, 16, 50, '12/26/2024', '1/6/2025');
INSERT INTO rental (rental_id, car_id, renter_id, start_date, end_date) VALUES (26, 19, 50, '12/12/2024', '12/23/2024');
INSERT INTO rental (rental_id, car_id, renter_id, start_date, end_date) VALUES (27, 9, 99, '7/16/2024', '7/19/2024');
INSERT INTO rental (rental_id, car_id, renter_id, start_date, end_date) VALUES (28, 18, 22, '4/12/2024', '4/26/2024');
INSERT INTO rental (rental_id, car_id, renter_id, start_date, end_date) VALUES (29, 30, 28, '8/4/2024', '8/11/2024');
INSERT INTO rental (rental_id, car_id, renter_id, start_date, end_date) VALUES (30, 25, 90, '5/15/2024', '5/27/2024');
INSERT INTO rental (rental_id, car_id, renter_id, start_date, end_date) VALUES (31, 16, 70, '6/9/2024', '6/18/2024');
INSERT INTO rental (rental_id, car_id, renter_id, start_date, end_date) VALUES (32, 5, 63, '4/5/2024', '4/8/2024');
INSERT INTO rental (rental_id, car_id, renter_id, start_date, end_date) VALUES (33, 15, 2, '8/8/2024', '8/9/2024');
INSERT INTO rental (rental_id, car_id, renter_id, start_date, end_date) VALUES (34, 14, 19, '11/3/2024', '11/9/2024');
INSERT INTO rental (rental_id, car_id, renter_id, start_date, end_date) VALUES (35, 9, 9, '7/25/2024', '8/6/2024');
INSERT INTO rental (rental_id, car_id, renter_id, start_date, end_date) VALUES (36, 13, 91, '9/20/2024', '10/3/2024');
INSERT INTO rental (rental_id, car_id, renter_id, start_date, end_date) VALUES (37, 15, 93, '9/11/2024', '9/16/2024');
INSERT INTO rental (rental_id, car_id, renter_id, start_date, end_date) VALUES (38, 17, 46, '6/13/2024', '6/21/2024');
INSERT INTO rental (rental_id, car_id, renter_id, start_date, end_date) VALUES (39, 13, 26, '5/16/2024', '5/24/2024');
INSERT INTO rental (rental_id, car_id, renter_id, start_date, end_date) VALUES (40, 13, 91, '11/2/2024', '11/13/2024');
INSERT INTO rental (rental_id, car_id, renter_id, start_date, end_date) VALUES (41, 21, 57, '12/28/2024', '1/5/2025');
INSERT INTO rental (rental_id, car_id, renter_id, start_date, end_date) VALUES (42, 11, 77, '8/2/2024', '8/5/2024');
INSERT INTO rental (rental_id, car_id, renter_id, start_date, end_date) VALUES (43, 20, 46, '6/17/2024', '6/28/2024');
INSERT INTO rental (rental_id, car_id, renter_id, start_date, end_date) VALUES (44, 3, 23, '11/21/2024', '12/3/2024');
INSERT INTO rental (rental_id, car_id, renter_id, start_date, end_date) VALUES (45, 11, 9, '9/27/2024', '9/30/2024');
INSERT INTO rental (rental_id, car_id, renter_id, start_date, end_date) VALUES (46, 29, 16, '7/26/2024', '8/3/2024');
INSERT INTO rental (rental_id, car_id, renter_id, start_date, end_date) VALUES (47, 2, 29, '9/8/2024', '9/15/2024');
INSERT INTO rental (rental_id, car_id, renter_id, start_date, end_date) VALUES (48, 28, 82, '11/24/2024', '11/29/2024');
INSERT INTO rental (rental_id, car_id, renter_id, start_date, end_date) VALUES (49, 3, 22, '12/8/2024', '12/22/2024');
INSERT INTO rental (rental_id, car_id, renter_id, start_date, end_date) VALUES (50, 20, 71, '2/22/2024', '2/26/2024');
INSERT INTO rental (rental_id, car_id, renter_id, start_date, end_date) VALUES (51, 7, 53, '4/12/2024', '4/19/2024');
INSERT INTO rental (rental_id, car_id, renter_id, start_date, end_date) VALUES (52, 8, 37, '4/3/2024', '4/14/2024');
INSERT INTO rental (rental_id, car_id, renter_id, start_date, end_date) VALUES (53, 5, 25, '1/17/2024', '1/26/2024');
INSERT INTO rental (rental_id, car_id, renter_id, start_date, end_date) VALUES (54, 23, 94, '3/10/2024', '3/21/2024');
INSERT INTO rental (rental_id, car_id, renter_id, start_date, end_date) VALUES (55, 23, 87, '8/24/2024', '8/28/2024');
INSERT INTO rental (rental_id, car_id, renter_id, start_date, end_date) VALUES (56, 15, 45, '5/5/2024', '5/19/2024');
INSERT INTO rental (rental_id, car_id, renter_id, start_date, end_date) VALUES (57, 8, 81, '5/3/2024', '5/17/2024');
INSERT INTO rental (rental_id, car_id, renter_id, start_date, end_date) VALUES (58, 11, 4, '7/21/2024', '7/28/2024');
INSERT INTO rental (rental_id, car_id, renter_id, start_date, end_date) VALUES (59, 18, 44, '2/4/2024', '2/6/2024');
INSERT INTO rental (rental_id, car_id, renter_id, start_date, end_date) VALUES (60, 13, 61, '2/13/2024', '2/16/2024');
INSERT INTO rental (rental_id, car_id, renter_id, start_date, end_date) VALUES (61, 10, 20, '6/13/2024', '6/22/2024');
INSERT INTO rental (rental_id, car_id, renter_id, start_date, end_date) VALUES (62, 16, 32, '11/25/2024', '12/7/2024');
INSERT INTO rental (rental_id, car_id, renter_id, start_date, end_date) VALUES (63, 11, 94, '12/1/2024', '12/4/2024');
INSERT INTO rental (rental_id, car_id, renter_id, start_date, end_date) VALUES (64, 3, 14, '1/8/2024', '1/12/2024');
INSERT INTO rental (rental_id, car_id, renter_id, start_date, end_date) VALUES (65, 20, 3, '5/11/2024', '5/13/2024');
INSERT INTO rental (rental_id, car_id, renter_id, start_date, end_date) VALUES (66, 5, 35, '9/28/2024', '10/7/2024');
INSERT INTO rental (rental_id, car_id, renter_id, start_date, end_date) VALUES (67, 22, 35, '5/8/2024', '5/11/2024');
INSERT INTO rental (rental_id, car_id, renter_id, start_date, end_date) VALUES (68, 10, 4, '1/7/2024', '1/19/2024');
INSERT INTO rental (rental_id, car_id, renter_id, start_date, end_date) VALUES (69, 12, 40, '3/22/2024', '3/30/2024');
INSERT INTO rental (rental_id, car_id, renter_id, start_date, end_date) VALUES (70, 25, 81, '8/18/2024', '8/23/2024');
INSERT INTO rental (rental_id, car_id, renter_id, start_date, end_date) VALUES (71, 2, 58, '7/9/2024', '7/15/2024');
INSERT INTO rental (rental_id, car_id, renter_id, start_date, end_date) VALUES (72, 15, 22, '1/24/2024', '1/30/2024');
INSERT INTO rental (rental_id, car_id, renter_id, start_date, end_date) VALUES (73, 4, 48, '5/28/2024', '5/30/2024');
INSERT INTO rental (rental_id, car_id, renter_id, start_date, end_date) VALUES (74, 9, 87, '2/14/2024', '2/24/2024');
INSERT INTO rental (rental_id, car_id, renter_id, start_date, end_date) VALUES (75, 8, 46, '8/2/2024', '8/8/2024');
INSERT INTO rental (rental_id, car_id, renter_id, start_date, end_date) VALUES (76, 5, 100, '12/21/2024', '12/22/2024');
INSERT INTO rental (rental_id, car_id, renter_id, start_date, end_date) VALUES (77, 23, 99, '2/13/2024', '2/26/2024');
INSERT INTO rental (rental_id, car_id, renter_id, start_date, end_date) VALUES (78, 28, 68, '7/10/2024', '7/14/2024');
INSERT INTO rental (rental_id, car_id, renter_id, start_date, end_date) VALUES (79, 24, 78, '12/13/2024', '12/16/2024');
INSERT INTO rental (rental_id, car_id, renter_id, start_date, end_date) VALUES (80, 26, 64, '12/22/2024', '12/29/2024');
INSERT INTO rental (rental_id, car_id, renter_id, start_date, end_date) VALUES (81, 21, 76, '2/8/2024', '2/11/2024');
INSERT INTO rental (rental_id, car_id, renter_id, start_date, end_date) VALUES (82, 19, 36, '9/1/2024', '9/8/2024');
INSERT INTO rental (rental_id, car_id, renter_id, start_date, end_date) VALUES (83, 2, 69, '2/24/2024', '2/26/2024');
INSERT INTO rental (rental_id, car_id, renter_id, start_date, end_date) VALUES (84, 30, 16, '6/20/2024', '7/2/2024');
INSERT INTO rental (rental_id, car_id, renter_id, start_date, end_date) VALUES (85, 28, 90, '4/19/2024', '4/22/2024');
INSERT INTO rental (rental_id, car_id, renter_id, start_date, end_date) VALUES (86, 16, 58, '7/21/2024', '8/2/2024');
INSERT INTO rental (rental_id, car_id, renter_id, start_date, end_date) VALUES (87, 1, 80, '2/3/2024', '2/5/2024');
INSERT INTO rental (rental_id, car_id, renter_id, start_date, end_date) VALUES (88, 1, 82, '10/26/2024', '10/28/2024');
INSERT INTO rental (rental_id, car_id, renter_id, start_date, end_date) VALUES (89, 5, 65, '6/5/2024', '6/11/2024');
INSERT INTO rental (rental_id, car_id, renter_id, start_date, end_date) VALUES (90, 22, 78, '6/23/2024', '6/29/2024');
INSERT INTO rental (rental_id, car_id, renter_id, start_date, end_date) VALUES (91, 26, 53, '7/5/2024', '7/8/2024');
INSERT INTO rental (rental_id, car_id, renter_id, start_date, end_date) VALUES (92, 11, 49, '3/10/2024', '3/12/2024');
INSERT INTO rental (rental_id, car_id, renter_id, start_date, end_date) VALUES (93, 11, 90, '5/26/2024', '5/31/2024');
INSERT INTO rental (rental_id, car_id, renter_id, start_date, end_date) VALUES (94, 13, 78, '10/8/2024', '10/9/2024');
INSERT INTO rental (rental_id, car_id, renter_id, start_date, end_date) VALUES (95, 2, 83, '8/22/2024', '8/27/2024');
INSERT INTO rental (rental_id, car_id, renter_id, start_date, end_date) VALUES (96, 14, 60, '12/1/2024', '12/11/2024');
INSERT INTO rental (rental_id, car_id, renter_id, start_date, end_date) VALUES (97, 19, 40, '4/13/2024', '4/26/2024');
INSERT INTO rental (rental_id, car_id, renter_id, start_date, end_date) VALUES (98, 28, 91, '5/14/2024', '5/15/2024');
INSERT INTO rental (rental_id, car_id, renter_id, start_date, end_date) VALUES (99, 27, 71, '1/19/2024', '1/20/2024');
INSERT INTO rental (rental_id, car_id, renter_id, start_date, end_date) VALUES (100, 27, 2, '3/25/2024', '3/28/2024');
INSERT INTO rental (rental_id, car_id, renter_id, start_date, end_date) VALUES (101, 25, 6, '1/25/2024', '1/31/2024');
INSERT INTO rental (rental_id, car_id, renter_id, start_date, end_date) VALUES (102, 24, 62, '6/2/2024', '6/4/2024');
INSERT INTO rental (rental_id, car_id, renter_id, start_date, end_date) VALUES (103, 3, 47, '9/20/2024', '10/1/2024');
INSERT INTO rental (rental_id, car_id, renter_id, start_date, end_date) VALUES (104, 22, 2, '8/14/2024', '8/15/2024');
INSERT INTO rental (rental_id, car_id, renter_id, start_date, end_date) VALUES (105, 7, 78, '10/15/2024', '10/18/2024');
INSERT INTO rental (rental_id, car_id, renter_id, start_date, end_date) VALUES (106, 1, 46, '3/24/2024', '4/3/2024');
INSERT INTO rental (rental_id, car_id, renter_id, start_date, end_date) VALUES (107, 3, 71, '11/15/2024', '11/17/2024');
INSERT INTO rental (rental_id, car_id, renter_id, start_date, end_date) VALUES (108, 5, 85, '3/12/2024', '3/25/2024');
INSERT INTO rental (rental_id, car_id, renter_id, start_date, end_date) VALUES (109, 12, 52, '9/2/2024', '9/7/2024');
INSERT INTO rental (rental_id, car_id, renter_id, start_date, end_date) VALUES (110, 28, 66, '1/6/2024', '1/17/2024');
INSERT INTO rental (rental_id, car_id, renter_id, start_date, end_date) VALUES (111, 19, 4, '2/9/2024', '2/14/2024');
INSERT INTO rental (rental_id, car_id, renter_id, start_date, end_date) VALUES (112, 10, 98, '10/28/2024', '10/29/2024');
INSERT INTO rental (rental_id, car_id, renter_id, start_date, end_date) VALUES (113, 16, 78, '1/6/2024', '1/16/2024');
INSERT INTO rental (rental_id, car_id, renter_id, start_date, end_date) VALUES (114, 4, 23, '2/23/2024', '3/5/2024');
INSERT INTO rental (rental_id, car_id, renter_id, start_date, end_date) VALUES (115, 6, 48, '8/6/2024', '8/13/2024');
INSERT INTO rental (rental_id, car_id, renter_id, start_date, end_date) VALUES (116, 30, 36, '7/3/2024', '7/16/2024');
INSERT INTO rental (rental_id, car_id, renter_id, start_date, end_date) VALUES (117, 24, 50, '2/15/2024', '2/23/2024');
INSERT INTO rental (rental_id, car_id, renter_id, start_date, end_date) VALUES (118, 30, 84, '12/27/2024', '1/8/2025');
INSERT INTO rental (rental_id, car_id, renter_id, start_date, end_date) VALUES (119, 19, 72, '7/5/2024', '7/13/2024');
INSERT INTO rental (rental_id, car_id, renter_id, start_date, end_date) VALUES (120, 10, 21, '12/23/2024', '1/2/2025');
INSERT INTO rental (rental_id, car_id, renter_id, start_date, end_date) VALUES (121, 5, 96, '11/11/2024', '11/13/2024');
INSERT INTO rental (rental_id, car_id, renter_id, start_date, end_date) VALUES (122, 13, 81, '1/4/2024', '1/16/2024');
INSERT INTO rental (rental_id, car_id, renter_id, start_date, end_date) VALUES (123, 19, 90, '9/19/2024', '9/29/2024');
INSERT INTO rental (rental_id, car_id, renter_id, start_date, end_date) VALUES (124, 21, 41, '11/11/2024', '11/23/2024');
INSERT INTO rental (rental_id, car_id, renter_id, start_date, end_date) VALUES (125, 14, 97, '4/19/2024', '4/22/2024');
INSERT INTO rental (rental_id, car_id, renter_id, start_date, end_date) VALUES (126, 15, 70, '6/9/2024', '6/17/2024');
INSERT INTO rental (rental_id, car_id, renter_id, start_date, end_date) VALUES (127, 20, 11, '4/4/2024', '4/13/2024');
INSERT INTO rental (rental_id, car_id, renter_id, start_date, end_date) VALUES (128, 13, 56, '9/13/2024', '9/15/2024');
INSERT INTO rental (rental_id, car_id, renter_id, start_date, end_date) VALUES (129, 1, 67, '8/25/2024', '8/29/2024');
INSERT INTO rental (rental_id, car_id, renter_id, start_date, end_date) VALUES (130, 29, 2, '6/8/2024', '6/20/2024');
INSERT INTO rental (rental_id, car_id, renter_id, start_date, end_date) VALUES (131, 21, 97, '5/24/2024', '6/4/2024');
INSERT INTO rental (rental_id, car_id, renter_id, start_date, end_date) VALUES (132, 13, 70, '12/13/2024', '12/20/2024');
INSERT INTO rental (rental_id, car_id, renter_id, start_date, end_date) VALUES (133, 11, 64, '2/12/2024', '2/15/2024');
INSERT INTO rental (rental_id, car_id, renter_id, start_date, end_date) VALUES (134, 15, 91, '2/10/2024', '2/24/2024');
INSERT INTO rental (rental_id, car_id, renter_id, start_date, end_date) VALUES (135, 22, 32, '3/16/2024', '3/21/2024');
INSERT INTO rental (rental_id, car_id, renter_id, start_date, end_date) VALUES (136, 20, 14, '7/26/2024', '8/3/2024');
INSERT INTO rental (rental_id, car_id, renter_id, start_date, end_date) VALUES (137, 24, 5, '12/28/2024', '1/10/2025');
INSERT INTO rental (rental_id, car_id, renter_id, start_date, end_date) VALUES (138, 15, 46, '2/28/2024', '2/29/2024');
INSERT INTO rental (rental_id, car_id, renter_id, start_date, end_date) VALUES (139, 17, 68, '7/8/2024', '7/11/2024');
INSERT INTO rental (rental_id, car_id, renter_id, start_date, end_date) VALUES (140, 15, 8, '4/6/2024', '4/20/2024');
INSERT INTO rental (rental_id, car_id, renter_id, start_date, end_date) VALUES (141, 6, 59, '10/4/2024', '10/7/2024');
INSERT INTO rental (rental_id, car_id, renter_id, start_date, end_date) VALUES (142, 22, 78, '2/19/2024', '2/23/2024');
INSERT INTO rental (rental_id, car_id, renter_id, start_date, end_date) VALUES (143, 13, 44, '12/9/2024', '12/10/2024');
INSERT INTO rental (rental_id, car_id, renter_id, start_date, end_date) VALUES (144, 11, 57, '2/27/2024', '3/7/2024');
INSERT INTO rental (rental_id, car_id, renter_id, start_date, end_date) VALUES (145, 22, 27, '9/7/2024', '9/10/2024');
INSERT INTO rental (rental_id, car_id, renter_id, start_date, end_date) VALUES (146, 12, 35, '5/6/2024', '5/18/2024');
INSERT INTO rental (rental_id, car_id, renter_id, start_date, end_date) VALUES (147, 17, 84, '11/7/2024', '11/19/2024');
INSERT INTO rental (rental_id, car_id, renter_id, start_date, end_date) VALUES (148, 13, 14, '4/7/2024', '4/11/2024');
INSERT INTO rental (rental_id, car_id, renter_id, start_date, end_date) VALUES (149, 10, 4, '7/20/2024', '7/29/2024');
INSERT INTO rental (rental_id, car_id, renter_id, start_date, end_date) VALUES (150, 27, 64, '7/24/2024', '7/31/2024');
INSERT INTO rental (rental_id, car_id, renter_id, start_date, end_date) VALUES (151, 28, 5, '2/5/2024', '2/10/2024');
INSERT INTO rental (rental_id, car_id, renter_id, start_date, end_date) VALUES (152, 28, 40, '7/6/2024', '7/7/2024');
INSERT INTO rental (rental_id, car_id, renter_id, start_date, end_date) VALUES (153, 21, 100, '9/20/2024', '9/23/2024');
INSERT INTO rental (rental_id, car_id, renter_id, start_date, end_date) VALUES (154, 7, 64, '12/18/2024', '1/1/2025');
INSERT INTO rental (rental_id, car_id, renter_id, start_date, end_date) VALUES (155, 8, 50, '8/21/2024', '8/23/2024');
INSERT INTO rental (rental_id, car_id, renter_id, start_date, end_date) VALUES (156, 9, 72, '5/28/2024', '6/9/2024');
INSERT INTO rental (rental_id, car_id, renter_id, start_date, end_date) VALUES (157, 8, 36, '8/25/2024', '8/27/2024');
INSERT INTO rental (rental_id, car_id, renter_id, start_date, end_date) VALUES (158, 18, 2, '10/22/2024', '10/30/2024');
INSERT INTO rental (rental_id, car_id, renter_id, start_date, end_date) VALUES (159, 14, 85, '12/13/2024', '12/17/2024');
INSERT INTO rental (rental_id, car_id, renter_id, start_date, end_date) VALUES (160, 23, 76, '1/8/2024', '1/15/2024');
INSERT INTO rental (rental_id, car_id, renter_id, start_date, end_date) VALUES (161, 6, 76, '2/16/2024', '2/20/2024');
INSERT INTO rental (rental_id, car_id, renter_id, start_date, end_date) VALUES (162, 1, 14, '12/2/2024', '12/13/2024');
INSERT INTO rental (rental_id, car_id, renter_id, start_date, end_date) VALUES (163, 25, 30, '10/3/2024', '10/9/2024');
INSERT INTO rental (rental_id, car_id, renter_id, start_date, end_date) VALUES (164, 23, 89, '11/17/2024', '11/23/2024');
INSERT INTO rental (rental_id, car_id, renter_id, start_date, end_date) VALUES (165, 26, 94, '7/10/2024', '7/24/2024');
INSERT INTO rental (rental_id, car_id, renter_id, start_date, end_date) VALUES (166, 13, 50, '4/18/2024', '4/23/2024');
INSERT INTO rental (rental_id, car_id, renter_id, start_date, end_date) VALUES (167, 13, 65, '5/7/2024', '5/10/2024');
INSERT INTO rental (rental_id, car_id, renter_id, start_date, end_date) VALUES (168, 2, 83, '11/15/2024', '11/24/2024');
INSERT INTO rental (rental_id, car_id, renter_id, start_date, end_date) VALUES (169, 28, 1, '8/20/2024', '8/29/2024');
INSERT INTO rental (rental_id, car_id, renter_id, start_date, end_date) VALUES (170, 23, 37, '4/14/2024', '4/24/2024');
INSERT INTO rental (rental_id, car_id, renter_id, start_date, end_date) VALUES (171, 12, 81, '7/19/2024', '7/31/2024');
INSERT INTO rental (rental_id, car_id, renter_id, start_date, end_date) VALUES (172, 4, 90, '9/8/2024', '9/11/2024');
INSERT INTO rental (rental_id, car_id, renter_id, start_date, end_date) VALUES (173, 26, 41, '5/25/2024', '5/27/2024');
INSERT INTO rental (rental_id, car_id, renter_id, start_date, end_date) VALUES (174, 25, 31, '6/15/2024', '6/29/2024');
INSERT INTO rental (rental_id, car_id, renter_id, start_date, end_date) VALUES (175, 22, 22, '6/5/2024', '6/8/2024');
INSERT INTO rental (rental_id, car_id, renter_id, start_date, end_date) VALUES (176, 22, 70, '8/1/2024', '8/12/2024');
INSERT INTO rental (rental_id, car_id, renter_id, start_date, end_date) VALUES (177, 28, 98, '7/27/2024', '8/10/2024');
INSERT INTO rental (rental_id, car_id, renter_id, start_date, end_date) VALUES (178, 10, 53, '10/24/2024', '10/25/2024');
INSERT INTO rental (rental_id, car_id, renter_id, start_date, end_date) VALUES (179, 11, 98, '3/24/2024', '4/2/2024');
INSERT INTO rental (rental_id, car_id, renter_id, start_date, end_date) VALUES (180, 17, 4, '10/20/2024', '10/23/2024');
INSERT INTO rental (rental_id, car_id, renter_id, start_date, end_date) VALUES (181, 10, 49, '3/18/2024', '3/23/2024');
INSERT INTO rental (rental_id, car_id, renter_id, start_date, end_date) VALUES (182, 14, 36, '6/24/2024', '6/26/2024');
INSERT INTO rental (rental_id, car_id, renter_id, start_date, end_date) VALUES (183, 28, 60, '10/15/2024', '10/19/2024');
INSERT INTO rental (rental_id, car_id, renter_id, start_date, end_date) VALUES (184, 21, 61, '9/25/2024', '10/3/2024');
INSERT INTO rental (rental_id, car_id, renter_id, start_date, end_date) VALUES (185, 9, 52, '3/15/2024', '3/29/2024');
INSERT INTO rental (rental_id, car_id, renter_id, start_date, end_date) VALUES (186, 12, 2, '8/19/2024', '8/24/2024');
INSERT INTO rental (rental_id, car_id, renter_id, start_date, end_date) VALUES (187, 29, 43, '9/24/2024', '10/3/2024');
INSERT INTO rental (rental_id, car_id, renter_id, start_date, end_date) VALUES (188, 24, 60, '6/21/2024', '6/22/2024');
INSERT INTO rental (rental_id, car_id, renter_id, start_date, end_date) VALUES (189, 21, 28, '1/10/2024', '1/18/2024');
INSERT INTO rental (rental_id, car_id, renter_id, start_date, end_date) VALUES (190, 8, 34, '9/1/2024', '9/6/2024');
INSERT INTO rental (rental_id, car_id, renter_id, start_date, end_date) VALUES (191, 22, 3, '10/13/2024', '10/19/2024');
INSERT INTO rental (rental_id, car_id, renter_id, start_date, end_date) VALUES (192, 8, 83, '4/27/2024', '4/30/2024');
INSERT INTO rental (rental_id, car_id, renter_id, start_date, end_date) VALUES (193, 28, 68, '5/24/2024', '5/26/2024');
INSERT INTO rental (rental_id, car_id, renter_id, start_date, end_date) VALUES (194, 29, 6, '1/9/2024', '1/20/2024');
INSERT INTO rental (rental_id, car_id, renter_id, start_date, end_date) VALUES (195, 12, 25, '10/19/2024', '10/27/2024');
INSERT INTO rental (rental_id, car_id, renter_id, start_date, end_date) VALUES (196, 26, 97, '3/13/2024', '3/15/2024');
INSERT INTO rental (rental_id, car_id, renter_id, start_date, end_date) VALUES (197, 14, 25, '2/10/2024', '2/21/2024');
INSERT INTO rental (rental_id, car_id, renter_id, start_date, end_date) VALUES (198, 4, 90, '11/18/2024', '11/20/2024');
INSERT INTO rental (rental_id, car_id, renter_id, start_date, end_date) VALUES (199, 4, 92, '12/4/2024', '12/7/2024');
INSERT INTO rental (rental_id, car_id, renter_id, start_date, end_date) VALUES (200, 25, 77, '6/1/2024', '6/8/2024');
INSERT INTO rental (rental_id, car_id, renter_id, start_date, end_date) VALUES (201, 18, 84, '6/7/2024', '6/14/2024');
INSERT INTO rental (rental_id, car_id, renter_id, start_date, end_date) VALUES (202, 24, 59, '11/24/2024', '12/7/2024');
INSERT INTO rental (rental_id, car_id, renter_id, start_date, end_date) VALUES (203, 7, 15, '3/2/2024', '3/13/2024');
INSERT INTO rental (rental_id, car_id, renter_id, start_date, end_date) VALUES (204, 27, 100, '3/7/2024', '3/15/2024');
INSERT INTO rental (rental_id, car_id, renter_id, start_date, end_date) VALUES (205, 12, 49, '12/9/2024', '12/16/2024');
INSERT INTO rental (rental_id, car_id, renter_id, start_date, end_date) VALUES (206, 13, 40, '2/8/2024', '2/9/2024');
INSERT INTO rental (rental_id, car_id, renter_id, start_date, end_date) VALUES (207, 7, 90, '9/10/2024', '9/19/2024');
INSERT INTO rental (rental_id, car_id, renter_id, start_date, end_date) VALUES (208, 12, 44, '6/15/2024', '6/29/2024');
INSERT INTO rental (rental_id, car_id, renter_id, start_date, end_date) VALUES (209, 24, 53, '8/16/2024', '8/22/2024');
INSERT INTO rental (rental_id, car_id, renter_id, start_date, end_date) VALUES (210, 1, 55, '5/21/2024', '5/23/2024');
INSERT INTO rental (rental_id, car_id, renter_id, start_date, end_date) VALUES (211, 29, 94, '4/25/2024', '5/5/2024');
INSERT INTO rental (rental_id, car_id, renter_id, start_date, end_date) VALUES (212, 21, 38, '12/3/2024', '12/8/2024');
INSERT INTO rental (rental_id, car_id, renter_id, start_date, end_date) VALUES (213, 21, 79, '3/14/2024', '3/24/2024');
INSERT INTO rental (rental_id, car_id, renter_id, start_date, end_date) VALUES (214, 14, 32, '3/22/2024', '3/27/2024');
INSERT INTO rental (rental_id, car_id, renter_id, start_date, end_date) VALUES (215, 16, 28, '3/12/2024', '3/26/2024');
INSERT INTO rental (rental_id, car_id, renter_id, start_date, end_date) VALUES (216, 22, 15, '9/25/2024', '9/29/2024');
INSERT INTO rental (rental_id, car_id, renter_id, start_date, end_date) VALUES (217, 11, 30, '8/28/2024', '9/5/2024');
INSERT INTO rental (rental_id, car_id, renter_id, start_date, end_date) VALUES (218, 16, 74, '5/19/2024', '6/2/2024');
INSERT INTO rental (rental_id, car_id, renter_id, start_date, end_date) VALUES (219, 12, 24, '4/18/2024', '4/27/2024');
INSERT INTO rental (rental_id, car_id, renter_id, start_date, end_date) VALUES (220, 8, 62, '7/15/2024', '7/19/2024');
INSERT INTO rental (rental_id, car_id, renter_id, start_date, end_date) VALUES (221, 26, 100, '6/22/2024', '6/28/2024');
INSERT INTO rental (rental_id, car_id, renter_id, start_date, end_date) VALUES (222, 6, 21, '7/28/2024', '7/30/2024');
INSERT INTO rental (rental_id, car_id, renter_id, start_date, end_date) VALUES (223, 14, 79, '10/1/2024', '10/13/2024');
INSERT INTO rental (rental_id, car_id, renter_id, start_date, end_date) VALUES (224, 10, 38, '2/26/2024', '3/2/2024');
INSERT INTO rental (rental_id, car_id, renter_id, start_date, end_date) VALUES (225, 19, 11, '8/17/2024', '8/23/2024');
INSERT INTO rental (rental_id, car_id, renter_id, start_date, end_date) VALUES (226, 6, 13, '9/24/2024', '9/29/2024');
INSERT INTO rental (rental_id, car_id, renter_id, start_date, end_date) VALUES (227, 10, 68, '11/27/2024', '12/8/2024');
INSERT INTO rental (rental_id, car_id, renter_id, start_date, end_date) VALUES (228, 3, 92, '7/28/2024', '8/3/2024');
INSERT INTO rental (rental_id, car_id, renter_id, start_date, end_date) VALUES (229, 27, 38, '5/7/2024', '5/21/2024');
INSERT INTO rental (rental_id, car_id, renter_id, start_date, end_date) VALUES (230, 15, 83, '12/1/2024', '12/3/2024');
INSERT INTO rental (rental_id, car_id, renter_id, start_date, end_date) VALUES (231, 24, 29, '1/21/2024', '1/26/2024');
INSERT INTO rental (rental_id, car_id, renter_id, start_date, end_date) VALUES (232, 29, 18, '5/23/2024', '6/6/2024');
INSERT INTO rental (rental_id, car_id, renter_id, start_date, end_date) VALUES (233, 23, 53, '3/24/2024', '3/31/2024');
INSERT INTO rental (rental_id, car_id, renter_id, start_date, end_date) VALUES (234, 23, 41, '1/19/2024', '1/31/2024');
INSERT INTO rental (rental_id, car_id, renter_id, start_date, end_date) VALUES (235, 6, 39, '1/17/2024', '1/27/2024');
INSERT INTO rental (rental_id, car_id, renter_id, start_date, end_date) VALUES (236, 21, 8, '10/27/2024', '10/29/2024');
INSERT INTO rental (rental_id, car_id, renter_id, start_date, end_date) VALUES (237, 30, 78, '4/27/2024', '5/3/2024');
INSERT INTO rental (rental_id, car_id, renter_id, start_date, end_date) VALUES (238, 5, 50, '10/15/2024', '10/26/2024');
INSERT INTO rental (rental_id, car_id, renter_id, start_date, end_date) VALUES (239, 14, 32, '12/28/2024', '1/9/2025');
INSERT INTO rental (rental_id, car_id, renter_id, start_date, end_date) VALUES (240, 23, 67, '6/17/2024', '6/24/2024');
INSERT INTO rental (rental_id, car_id, renter_id, start_date, end_date) VALUES (241, 3, 17, '4/14/2024', '4/19/2024');
INSERT INTO rental (rental_id, car_id, renter_id, start_date, end_date) VALUES (242, 18, 99, '3/21/2024', '3/29/2024');
INSERT INTO rental (rental_id, car_id, renter_id, start_date, end_date) VALUES (243, 12, 18, '8/9/2024', '8/11/2024');
INSERT INTO rental (rental_id, car_id, renter_id, start_date, end_date) VALUES (244, 14, 45, '5/16/2024', '5/24/2024');
INSERT INTO rental (rental_id, car_id, renter_id, start_date, end_date) VALUES (245, 16, 86, '8/16/2024', '8/23/2024');
INSERT INTO rental (rental_id, car_id, renter_id, start_date, end_date) VALUES (246, 26, 73, '4/19/2024', '4/23/2024');
INSERT INTO rental (rental_id, car_id, renter_id, start_date, end_date) VALUES (247, 27, 91, '6/12/2024', '6/18/2024');
INSERT INTO rental (rental_id, car_id, renter_id, start_date, end_date) VALUES (248, 27, 44, '4/17/2024', '4/20/2024');
INSERT INTO rental (rental_id, car_id, renter_id, start_date, end_date) VALUES (249, 15, 74, '12/15/2024', '12/29/2024');
INSERT INTO rental (rental_id, car_id, renter_id, start_date, end_date) VALUES (250, 28, 2, '10/10/2024', '10/13/2024');
INSERT INTO rental (rental_id, car_id, renter_id, start_date, end_date) VALUES (251, 21, 43, '3/3/2024', '3/8/2024');
INSERT INTO rental (rental_id, car_id, renter_id, start_date, end_date) VALUES (252, 25, 33, '7/6/2024', '7/13/2024');
INSERT INTO rental (rental_id, car_id, renter_id, start_date, end_date) VALUES (253, 28, 60, '6/12/2024', '6/13/2024');
INSERT INTO rental (rental_id, car_id, renter_id, start_date, end_date) VALUES (254, 26, 6, '7/1/2024', '7/2/2024');
INSERT INTO rental (rental_id, car_id, renter_id, start_date, end_date) VALUES (255, 14, 84, '1/17/2024', '1/27/2024');
INSERT INTO rental (rental_id, car_id, renter_id, start_date, end_date) VALUES (256, 3, 44, '1/22/2024', '2/5/2024');
INSERT INTO rental (rental_id, car_id, renter_id, start_date, end_date) VALUES (257, 5, 98, '5/17/2024', '5/31/2024');
INSERT INTO rental (rental_id, car_id, renter_id, start_date, end_date) VALUES (258, 29, 2, '1/21/2024', '1/28/2024');
INSERT INTO rental (rental_id, car_id, renter_id, start_date, end_date) VALUES (259, 26, 1, '4/5/2024', '4/10/2024');
INSERT INTO rental (rental_id, car_id, renter_id, start_date, end_date) VALUES (260, 22, 11, '7/22/2024', '7/23/2024');
INSERT INTO rental (rental_id, car_id, renter_id, start_date, end_date) VALUES (261, 9, 43, '11/4/2024', '11/9/2024');
INSERT INTO rental (rental_id, car_id, renter_id, start_date, end_date) VALUES (262, 26, 37, '10/26/2024', '11/7/2024');
INSERT INTO rental (rental_id, car_id, renter_id, start_date, end_date) VALUES (263, 12, 85, '1/23/2024', '2/4/2024');
INSERT INTO rental (rental_id, car_id, renter_id, start_date, end_date) VALUES (264, 19, 65, '5/18/2024', '5/24/2024');
INSERT INTO rental (rental_id, car_id, renter_id, start_date, end_date) VALUES (265, 16, 51, '7/14/2024', '7/17/2024');
INSERT INTO rental (rental_id, car_id, renter_id, start_date, end_date) VALUES (266, 5, 48, '11/27/2024', '12/5/2024');
INSERT INTO rental (rental_id, car_id, renter_id, start_date, end_date) VALUES (267, 19, 65, '6/1/2024', '6/13/2024');
INSERT INTO rental (rental_id, car_id, renter_id, start_date, end_date) VALUES (268, 8, 19, '12/8/2024', '12/10/2024');
INSERT INTO rental (rental_id, car_id, renter_id, start_date, end_date) VALUES (269, 3, 9, '10/5/2024', '10/18/2024');
INSERT INTO rental (rental_id, car_id, renter_id, start_date, end_date) VALUES (270, 10, 73, '7/1/2024', '7/9/2024');
INSERT INTO rental (rental_id, car_id, renter_id, start_date, end_date) VALUES (271, 11, 64, '4/7/2024', '4/9/2024');
INSERT INTO rental (rental_id, car_id, renter_id, start_date, end_date) VALUES (272, 6, 87, '7/9/2024', '7/14/2024');
INSERT INTO rental (rental_id, car_id, renter_id, start_date, end_date) VALUES (273, 8, 45, '8/12/2024', '8/15/2024');
INSERT INTO rental (rental_id, car_id, renter_id, start_date, end_date) VALUES (274, 6, 30, '12/17/2024', '12/28/2024');
INSERT INTO rental (rental_id, car_id, renter_id, start_date, end_date) VALUES (275, 9, 18, '11/23/2024', '12/5/2024');
INSERT INTO rental (rental_id, car_id, renter_id, start_date, end_date) VALUES (276, 23, 19, '12/21/2024', '12/23/2024');
INSERT INTO rental (rental_id, car_id, renter_id, start_date, end_date) VALUES (277, 22, 22, '7/13/2024', '7/16/2024');
INSERT INTO rental (rental_id, car_id, renter_id, start_date, end_date) VALUES (278, 5, 60, '7/2/2024', '7/15/2024');
INSERT INTO rental (rental_id, car_id, renter_id, start_date, end_date) VALUES (279, 14, 61, '9/12/2024', '9/20/2024');
INSERT INTO rental (rental_id, car_id, renter_id, start_date, end_date) VALUES (280, 24, 24, '12/24/2024', '12/25/2024');
INSERT INTO rental (rental_id, car_id, renter_id, start_date, end_date) VALUES (281, 6, 55, '11/15/2024', '11/29/2024');
INSERT INTO rental (rental_id, car_id, renter_id, start_date, end_date) VALUES (282, 29, 99, '11/24/2024', '12/6/2024');
INSERT INTO rental (rental_id, car_id, renter_id, start_date, end_date) VALUES (283, 10, 1, '3/28/2024', '4/3/2024');
INSERT INTO rental (rental_id, car_id, renter_id, start_date, end_date) VALUES (284, 26, 20, '2/25/2024', '3/8/2024');
INSERT INTO rental (rental_id, car_id, renter_id, start_date, end_date) VALUES (285, 21, 59, '12/20/2024', '12/22/2024');
INSERT INTO rental (rental_id, car_id, renter_id, start_date, end_date) VALUES (286, 23, 39, '11/4/2024', '11/16/2024');
INSERT INTO rental (rental_id, car_id, renter_id, start_date, end_date) VALUES (287, 11, 59, '8/22/2024', '8/24/2024');
INSERT INTO rental (rental_id, car_id, renter_id, start_date, end_date) VALUES (288, 5, 13, '4/26/2024', '4/28/2024');
INSERT INTO rental (rental_id, car_id, renter_id, start_date, end_date) VALUES (289, 25, 77, '10/11/2024', '10/12/2024');
INSERT INTO rental (rental_id, car_id, renter_id, start_date, end_date) VALUES (290, 18, 33, '3/17/2024', '3/18/2024');
INSERT INTO rental (rental_id, car_id, renter_id, start_date, end_date) VALUES (291, 15, 73, '5/20/2024', '5/25/2024');
INSERT INTO rental (rental_id, car_id, renter_id, start_date, end_date) VALUES (292, 12, 39, '11/16/2024', '11/26/2024');
INSERT INTO rental (rental_id, car_id, renter_id, start_date, end_date) VALUES (293, 20, 40, '1/12/2024', '1/22/2024');
INSERT INTO rental (rental_id, car_id, renter_id, start_date, end_date) VALUES (294, 29, 51, '10/12/2024', '10/19/2024');
INSERT INTO rental (rental_id, car_id, renter_id, start_date, end_date) VALUES (295, 13, 13, '7/26/2024', '7/27/2024');
INSERT INTO rental (rental_id, car_id, renter_id, start_date, end_date) VALUES (296, 14, 23, '5/8/2024', '5/15/2024');
INSERT INTO rental (rental_id, car_id, renter_id, start_date, end_date) VALUES (297, 14, 18, '7/19/2024', '7/26/2024');
INSERT INTO rental (rental_id, car_id, renter_id, start_date, end_date) VALUES (298, 1, 52, '7/23/2024', '7/28/2024');
INSERT INTO rental (rental_id, car_id, renter_id, start_date, end_date) VALUES (299, 30, 33, '5/13/2024', '5/24/2024');
INSERT INTO rental (rental_id, car_id, renter_id, start_date, end_date) VALUES (300, 16, 2, '11/11/2024', '11/16/2024');

insert into passenger (passenger_id, rental_id, customer_id, has_driving_license) values (1, 95, 91, true);
insert into passenger (passenger_id, rental_id, customer_id, has_driving_license) values (2, 167, 61, false);
insert into passenger (passenger_id, rental_id, customer_id, has_driving_license) values (3, 104, 90, false);
insert into passenger (passenger_id, rental_id, customer_id, has_driving_license) values (4, 149, 33, false);
insert into passenger (passenger_id, rental_id, customer_id, has_driving_license) values (5, 57, 48, true);
insert into passenger (passenger_id, rental_id, customer_id, has_driving_license) values (6, 150, 21, true);
insert into passenger (passenger_id, rental_id, customer_id, has_driving_license) values (7, 181, 68, true);
insert into passenger (passenger_id, rental_id, customer_id, has_driving_license) values (8, 107, 64, false);
insert into passenger (passenger_id, rental_id, customer_id, has_driving_license) values (9, 180, 9, true);
insert into passenger (passenger_id, rental_id, customer_id, has_driving_license) values (10, 11, 13, true);
insert into passenger (passenger_id, rental_id, customer_id, has_driving_license) values (11, 240, 12, false);
insert into passenger (passenger_id, rental_id, customer_id, has_driving_license) values (12, 175, 41, true);
insert into passenger (passenger_id, rental_id, customer_id, has_driving_license) values (13, 182, 39, true);
insert into passenger (passenger_id, rental_id, customer_id, has_driving_license) values (14, 195, 86, true);
insert into passenger (passenger_id, rental_id, customer_id, has_driving_license) values (15, 141, 65, false);
insert into passenger (passenger_id, rental_id, customer_id, has_driving_license) values (16, 290, 70, true);
insert into passenger (passenger_id, rental_id, customer_id, has_driving_license) values (17, 72, 51, false);
insert into passenger (passenger_id, rental_id, customer_id, has_driving_license) values (18, 181, 27, true);
insert into passenger (passenger_id, rental_id, customer_id, has_driving_license) values (19, 251, 95, false);
insert into passenger (passenger_id, rental_id, customer_id, has_driving_license) values (20, 200, 25, true);
insert into passenger (passenger_id, rental_id, customer_id, has_driving_license) values (21, 258, 74, false);
insert into passenger (passenger_id, rental_id, customer_id, has_driving_license) values (22, 130, 22, false);
insert into passenger (passenger_id, rental_id, customer_id, has_driving_license) values (23, 199, 83, true);
insert into passenger (passenger_id, rental_id, customer_id, has_driving_license) values (24, 108, 5, true);
insert into passenger (passenger_id, rental_id, customer_id, has_driving_license) values (25, 189, 1, true);
insert into passenger (passenger_id, rental_id, customer_id, has_driving_license) values (26, 84, 93, true);
insert into passenger (passenger_id, rental_id, customer_id, has_driving_license) values (27, 96, 8, false);
insert into passenger (passenger_id, rental_id, customer_id, has_driving_license) values (28, 27, 60, false);
insert into passenger (passenger_id, rental_id, customer_id, has_driving_license) values (29, 97, 20, true);
insert into passenger (passenger_id, rental_id, customer_id, has_driving_license) values (30, 283, 13, false);
insert into passenger (passenger_id, rental_id, customer_id, has_driving_license) values (31, 192, 53, true);
insert into passenger (passenger_id, rental_id, customer_id, has_driving_license) values (32, 36, 38, false);
insert into passenger (passenger_id, rental_id, customer_id, has_driving_license) values (33, 34, 66, false);
insert into passenger (passenger_id, rental_id, customer_id, has_driving_license) values (34, 43, 70, false);
insert into passenger (passenger_id, rental_id, customer_id, has_driving_license) values (35, 70, 22, true);
insert into passenger (passenger_id, rental_id, customer_id, has_driving_license) values (36, 11, 25, true);
insert into passenger (passenger_id, rental_id, customer_id, has_driving_license) values (37, 214, 87, false);
insert into passenger (passenger_id, rental_id, customer_id, has_driving_license) values (38, 156, 5, true);
insert into passenger (passenger_id, rental_id, customer_id, has_driving_license) values (39, 215, 6, false);
insert into passenger (passenger_id, rental_id, customer_id, has_driving_license) values (40, 272, 76, false);
insert into passenger (passenger_id, rental_id, customer_id, has_driving_license) values (41, 257, 24, true);
insert into passenger (passenger_id, rental_id, customer_id, has_driving_license) values (42, 118, 80, true);
insert into passenger (passenger_id, rental_id, customer_id, has_driving_license) values (43, 137, 72, true);
insert into passenger (passenger_id, rental_id, customer_id, has_driving_license) values (44, 285, 99, false);
insert into passenger (passenger_id, rental_id, customer_id, has_driving_license) values (45, 194, 90, false);
insert into passenger (passenger_id, rental_id, customer_id, has_driving_license) values (46, 252, 46, false);
insert into passenger (passenger_id, rental_id, customer_id, has_driving_license) values (47, 217, 87, true);
insert into passenger (passenger_id, rental_id, customer_id, has_driving_license) values (48, 81, 49, true);
insert into passenger (passenger_id, rental_id, customer_id, has_driving_license) values (49, 235, 34, false);
insert into passenger (passenger_id, rental_id, customer_id, has_driving_license) values (50, 248, 90, true);
insert into passenger (passenger_id, rental_id, customer_id, has_driving_license) values (51, 105, 88, false);
insert into passenger (passenger_id, rental_id, customer_id, has_driving_license) values (52, 94, 64, false);
insert into passenger (passenger_id, rental_id, customer_id, has_driving_license) values (53, 284, 23, false);
insert into passenger (passenger_id, rental_id, customer_id, has_driving_license) values (54, 83, 53, false);
insert into passenger (passenger_id, rental_id, customer_id, has_driving_license) values (55, 203, 9, false);
insert into passenger (passenger_id, rental_id, customer_id, has_driving_license) values (56, 54, 1, true);
insert into passenger (passenger_id, rental_id, customer_id, has_driving_license) values (57, 142, 38, false);
insert into passenger (passenger_id, rental_id, customer_id, has_driving_license) values (58, 28, 67, false);
insert into passenger (passenger_id, rental_id, customer_id, has_driving_license) values (59, 73, 53, false);
insert into passenger (passenger_id, rental_id, customer_id, has_driving_license) values (60, 151, 32, true);
insert into passenger (passenger_id, rental_id, customer_id, has_driving_license) values (61, 279, 97, true);
insert into passenger (passenger_id, rental_id, customer_id, has_driving_license) values (62, 208, 7, true);
insert into passenger (passenger_id, rental_id, customer_id, has_driving_license) values (63, 200, 15, false);
insert into passenger (passenger_id, rental_id, customer_id, has_driving_license) values (64, 132, 27, false);
insert into passenger (passenger_id, rental_id, customer_id, has_driving_license) values (65, 238, 82, false);
insert into passenger (passenger_id, rental_id, customer_id, has_driving_license) values (66, 46, 13, true);
insert into passenger (passenger_id, rental_id, customer_id, has_driving_license) values (67, 46, 47, false);
insert into passenger (passenger_id, rental_id, customer_id, has_driving_license) values (68, 169, 15, false);
insert into passenger (passenger_id, rental_id, customer_id, has_driving_license) values (69, 235, 88, false);
insert into passenger (passenger_id, rental_id, customer_id, has_driving_license) values (70, 164, 7, false);
insert into passenger (passenger_id, rental_id, customer_id, has_driving_license) values (71, 113, 42, false);
insert into passenger (passenger_id, rental_id, customer_id, has_driving_license) values (72, 4, 9, false);
insert into passenger (passenger_id, rental_id, customer_id, has_driving_license) values (73, 1, 91, true);
insert into passenger (passenger_id, rental_id, customer_id, has_driving_license) values (74, 2, 75, false);
insert into passenger (passenger_id, rental_id, customer_id, has_driving_license) values (75, 198, 64, true);
insert into passenger (passenger_id, rental_id, customer_id, has_driving_license) values (76, 20, 71, false);
insert into passenger (passenger_id, rental_id, customer_id, has_driving_license) values (77, 45, 28, true);
insert into passenger (passenger_id, rental_id, customer_id, has_driving_license) values (78, 212, 15, true);
insert into passenger (passenger_id, rental_id, customer_id, has_driving_license) values (79, 83, 53, true);
insert into passenger (passenger_id, rental_id, customer_id, has_driving_license) values (80, 236, 46, false);
insert into passenger (passenger_id, rental_id, customer_id, has_driving_license) values (81, 78, 73, false);
insert into passenger (passenger_id, rental_id, customer_id, has_driving_license) values (82, 205, 35, true);
insert into passenger (passenger_id, rental_id, customer_id, has_driving_license) values (83, 34, 66, false);
insert into passenger (passenger_id, rental_id, customer_id, has_driving_license) values (84, 243, 73, false);
insert into passenger (passenger_id, rental_id, customer_id, has_driving_license) values (85, 35, 12, false);
insert into passenger (passenger_id, rental_id, customer_id, has_driving_license) values (86, 14, 19, true);
insert into passenger (passenger_id, rental_id, customer_id, has_driving_license) values (87, 263, 52, false);
insert into passenger (passenger_id, rental_id, customer_id, has_driving_license) values (88, 216, 15, false);
insert into passenger (passenger_id, rental_id, customer_id, has_driving_license) values (89, 183, 21, false);
insert into passenger (passenger_id, rental_id, customer_id, has_driving_license) values (90, 80, 62, false);
insert into passenger (passenger_id, rental_id, customer_id, has_driving_license) values (91, 143, 57, false);
insert into passenger (passenger_id, rental_id, customer_id, has_driving_license) values (92, 63, 63, true);
insert into passenger (passenger_id, rental_id, customer_id, has_driving_license) values (93, 96, 95, true);
insert into passenger (passenger_id, rental_id, customer_id, has_driving_license) values (94, 103, 61, false);
insert into passenger (passenger_id, rental_id, customer_id, has_driving_license) values (95, 116, 92, false);
insert into passenger (passenger_id, rental_id, customer_id, has_driving_license) values (96, 194, 48, false);
insert into passenger (passenger_id, rental_id, customer_id, has_driving_license) values (97, 91, 2, false);
insert into passenger (passenger_id, rental_id, customer_id, has_driving_license) values (98, 182, 1, true);
insert into passenger (passenger_id, rental_id, customer_id, has_driving_license) values (99, 85, 63, true);
insert into passenger (passenger_id, rental_id, customer_id, has_driving_license) values (100, 63, 94, true);
insert into passenger (passenger_id, rental_id, customer_id, has_driving_license) values (101, 121, 29, false);
insert into passenger (passenger_id, rental_id, customer_id, has_driving_license) values (102, 286, 77, false);
insert into passenger (passenger_id, rental_id, customer_id, has_driving_license) values (103, 226, 86, true);
insert into passenger (passenger_id, rental_id, customer_id, has_driving_license) values (104, 239, 74, true);
insert into passenger (passenger_id, rental_id, customer_id, has_driving_license) values (105, 235, 90, false);
insert into passenger (passenger_id, rental_id, customer_id, has_driving_license) values (106, 90, 40, true);
insert into passenger (passenger_id, rental_id, customer_id, has_driving_license) values (107, 271, 8, true);
insert into passenger (passenger_id, rental_id, customer_id, has_driving_license) values (108, 267, 42, true);
insert into passenger (passenger_id, rental_id, customer_id, has_driving_license) values (109, 68, 60, false);
insert into passenger (passenger_id, rental_id, customer_id, has_driving_license) values (110, 165, 32, false);
insert into passenger (passenger_id, rental_id, customer_id, has_driving_license) values (111, 247, 26, false);
insert into passenger (passenger_id, rental_id, customer_id, has_driving_license) values (112, 51, 34, false);
insert into passenger (passenger_id, rental_id, customer_id, has_driving_license) values (113, 234, 11, true);
insert into passenger (passenger_id, rental_id, customer_id, has_driving_license) values (114, 25, 5, true);
insert into passenger (passenger_id, rental_id, customer_id, has_driving_license) values (115, 109, 30, false);
insert into passenger (passenger_id, rental_id, customer_id, has_driving_license) values (116, 289, 31, false);
insert into passenger (passenger_id, rental_id, customer_id, has_driving_license) values (117, 234, 28, false);
insert into passenger (passenger_id, rental_id, customer_id, has_driving_license) values (118, 196, 86, false);
insert into passenger (passenger_id, rental_id, customer_id, has_driving_license) values (119, 180, 84, false);
insert into passenger (passenger_id, rental_id, customer_id, has_driving_license) values (120, 259, 44, false);
insert into passenger (passenger_id, rental_id, customer_id, has_driving_license) values (121, 186, 40, true);
insert into passenger (passenger_id, rental_id, customer_id, has_driving_license) values (122, 30, 86, false);
insert into passenger (passenger_id, rental_id, customer_id, has_driving_license) values (123, 179, 52, false);
insert into passenger (passenger_id, rental_id, customer_id, has_driving_license) values (124, 190, 66, false);
insert into passenger (passenger_id, rental_id, customer_id, has_driving_license) values (125, 238, 86, false);
insert into passenger (passenger_id, rental_id, customer_id, has_driving_license) values (126, 243, 10, true);
insert into passenger (passenger_id, rental_id, customer_id, has_driving_license) values (127, 11, 25, false);
insert into passenger (passenger_id, rental_id, customer_id, has_driving_license) values (128, 234, 95, false);
insert into passenger (passenger_id, rental_id, customer_id, has_driving_license) values (129, 60, 88, false);
insert into passenger (passenger_id, rental_id, customer_id, has_driving_license) values (130, 67, 58, true);
insert into passenger (passenger_id, rental_id, customer_id, has_driving_license) values (131, 127, 91, true);
insert into passenger (passenger_id, rental_id, customer_id, has_driving_license) values (132, 21, 2, true);
insert into passenger (passenger_id, rental_id, customer_id, has_driving_license) values (133, 148, 43, false);
insert into passenger (passenger_id, rental_id, customer_id, has_driving_license) values (134, 158, 71, true);
insert into passenger (passenger_id, rental_id, customer_id, has_driving_license) values (135, 198, 90, false);
insert into passenger (passenger_id, rental_id, customer_id, has_driving_license) values (136, 127, 57, false);
insert into passenger (passenger_id, rental_id, customer_id, has_driving_license) values (137, 286, 63, false);
insert into passenger (passenger_id, rental_id, customer_id, has_driving_license) values (138, 14, 91, false);
insert into passenger (passenger_id, rental_id, customer_id, has_driving_license) values (139, 28, 36, true);
insert into passenger (passenger_id, rental_id, customer_id, has_driving_license) values (140, 69, 83, true);
insert into passenger (passenger_id, rental_id, customer_id, has_driving_license) values (141, 86, 16, false);
insert into passenger (passenger_id, rental_id, customer_id, has_driving_license) values (142, 39, 43, true);
insert into passenger (passenger_id, rental_id, customer_id, has_driving_license) values (143, 7, 68, false);
insert into passenger (passenger_id, rental_id, customer_id, has_driving_license) values (144, 168, 96, false);
insert into passenger (passenger_id, rental_id, customer_id, has_driving_license) values (145, 13, 84, false);
insert into passenger (passenger_id, rental_id, customer_id, has_driving_license) values (146, 248, 96, true);
insert into passenger (passenger_id, rental_id, customer_id, has_driving_license) values (147, 295, 84, true);
insert into passenger (passenger_id, rental_id, customer_id, has_driving_license) values (148, 204, 71, true);
insert into passenger (passenger_id, rental_id, customer_id, has_driving_license) values (149, 50, 65, false);
insert into passenger (passenger_id, rental_id, customer_id, has_driving_license) values (150, 154, 5, false);
insert into passenger (passenger_id, rental_id, customer_id, has_driving_license) values (151, 117, 69, true);
insert into passenger (passenger_id, rental_id, customer_id, has_driving_license) values (152, 241, 64, false);
insert into passenger (passenger_id, rental_id, customer_id, has_driving_license) values (153, 101, 17, true);
insert into passenger (passenger_id, rental_id, customer_id, has_driving_license) values (154, 196, 14, false);
insert into passenger (passenger_id, rental_id, customer_id, has_driving_license) values (155, 139, 83, false);
insert into passenger (passenger_id, rental_id, customer_id, has_driving_license) values (156, 2, 39, false);
insert into passenger (passenger_id, rental_id, customer_id, has_driving_license) values (157, 146, 31, false);
insert into passenger (passenger_id, rental_id, customer_id, has_driving_license) values (158, 233, 30, true);
insert into passenger (passenger_id, rental_id, customer_id, has_driving_license) values (159, 257, 90, false);
insert into passenger (passenger_id, rental_id, customer_id, has_driving_license) values (160, 100, 87, false);
insert into passenger (passenger_id, rental_id, customer_id, has_driving_license) values (161, 150, 38, false);
insert into passenger (passenger_id, rental_id, customer_id, has_driving_license) values (162, 61, 31, true);
insert into passenger (passenger_id, rental_id, customer_id, has_driving_license) values (163, 115, 98, false);
insert into passenger (passenger_id, rental_id, customer_id, has_driving_license) values (164, 211, 34, false);
insert into passenger (passenger_id, rental_id, customer_id, has_driving_license) values (165, 124, 2, true);
insert into passenger (passenger_id, rental_id, customer_id, has_driving_license) values (166, 159, 92, false);
insert into passenger (passenger_id, rental_id, customer_id, has_driving_license) values (167, 103, 14, true);
insert into passenger (passenger_id, rental_id, customer_id, has_driving_license) values (168, 300, 58, true);
insert into passenger (passenger_id, rental_id, customer_id, has_driving_license) values (169, 93, 7, false);
insert into passenger (passenger_id, rental_id, customer_id, has_driving_license) values (170, 115, 24, true);
insert into passenger (passenger_id, rental_id, customer_id, has_driving_license) values (171, 65, 3, true);
insert into passenger (passenger_id, rental_id, customer_id, has_driving_license) values (172, 132, 53, true);
insert into passenger (passenger_id, rental_id, customer_id, has_driving_license) values (173, 249, 47, false);
insert into passenger (passenger_id, rental_id, customer_id, has_driving_license) values (174, 78, 29, true);
insert into passenger (passenger_id, rental_id, customer_id, has_driving_license) values (175, 248, 73, false);
insert into passenger (passenger_id, rental_id, customer_id, has_driving_license) values (176, 112, 71, true);
insert into passenger (passenger_id, rental_id, customer_id, has_driving_license) values (177, 277, 87, false);
insert into passenger (passenger_id, rental_id, customer_id, has_driving_license) values (178, 73, 9, false);
insert into passenger (passenger_id, rental_id, customer_id, has_driving_license) values (179, 72, 49, true);
insert into passenger (passenger_id, rental_id, customer_id, has_driving_license) values (180, 41, 33, true);
insert into passenger (passenger_id, rental_id, customer_id, has_driving_license) values (181, 173, 10, false);
insert into passenger (passenger_id, rental_id, customer_id, has_driving_license) values (182, 260, 83, true);
insert into passenger (passenger_id, rental_id, customer_id, has_driving_license) values (183, 297, 80, false);
insert into passenger (passenger_id, rental_id, customer_id, has_driving_license) values (184, 110, 1, true);
insert into passenger (passenger_id, rental_id, customer_id, has_driving_license) values (185, 140, 26, true);
insert into passenger (passenger_id, rental_id, customer_id, has_driving_license) values (186, 148, 65, false);
insert into passenger (passenger_id, rental_id, customer_id, has_driving_license) values (187, 41, 17, false);
insert into passenger (passenger_id, rental_id, customer_id, has_driving_license) values (188, 4, 66, false);
insert into passenger (passenger_id, rental_id, customer_id, has_driving_license) values (189, 216, 100, false);
insert into passenger (passenger_id, rental_id, customer_id, has_driving_license) values (190, 216, 75, true);
insert into passenger (passenger_id, rental_id, customer_id, has_driving_license) values (191, 294, 85, true);
insert into passenger (passenger_id, rental_id, customer_id, has_driving_license) values (192, 280, 84, false);
insert into passenger (passenger_id, rental_id, customer_id, has_driving_license) values (193, 78, 49, false);
insert into passenger (passenger_id, rental_id, customer_id, has_driving_license) values (194, 287, 15, false);
insert into passenger (passenger_id, rental_id, customer_id, has_driving_license) values (195, 55, 92, true);
insert into passenger (passenger_id, rental_id, customer_id, has_driving_license) values (196, 265, 71, false);
insert into passenger (passenger_id, rental_id, customer_id, has_driving_license) values (197, 147, 100, false);
insert into passenger (passenger_id, rental_id, customer_id, has_driving_license) values (198, 158, 8, true);
insert into passenger (passenger_id, rental_id, customer_id, has_driving_license) values (199, 196, 44, true);
insert into passenger (passenger_id, rental_id, customer_id, has_driving_license) values (200, 163, 17, false);
insert into passenger (passenger_id, rental_id, customer_id, has_driving_license) values (201, 96, 15, false);
insert into passenger (passenger_id, rental_id, customer_id, has_driving_license) values (202, 235, 35, false);
insert into passenger (passenger_id, rental_id, customer_id, has_driving_license) values (203, 31, 19, false);
insert into passenger (passenger_id, rental_id, customer_id, has_driving_license) values (204, 280, 39, false);
insert into passenger (passenger_id, rental_id, customer_id, has_driving_license) values (205, 187, 13, false);
insert into passenger (passenger_id, rental_id, customer_id, has_driving_license) values (206, 182, 90, true);
insert into passenger (passenger_id, rental_id, customer_id, has_driving_license) values (207, 268, 73, true);
insert into passenger (passenger_id, rental_id, customer_id, has_driving_license) values (208, 42, 86, false);
insert into passenger (passenger_id, rental_id, customer_id, has_driving_license) values (209, 170, 43, false);
insert into passenger (passenger_id, rental_id, customer_id, has_driving_license) values (210, 251, 77, true);
insert into passenger (passenger_id, rental_id, customer_id, has_driving_license) values (211, 104, 44, false);
insert into passenger (passenger_id, rental_id, customer_id, has_driving_license) values (212, 217, 35, true);
insert into passenger (passenger_id, rental_id, customer_id, has_driving_license) values (213, 125, 34, false);
insert into passenger (passenger_id, rental_id, customer_id, has_driving_license) values (214, 157, 96, false);
insert into passenger (passenger_id, rental_id, customer_id, has_driving_license) values (215, 5, 72, true);
insert into passenger (passenger_id, rental_id, customer_id, has_driving_license) values (216, 168, 42, true);
insert into passenger (passenger_id, rental_id, customer_id, has_driving_license) values (217, 290, 73, true);
insert into passenger (passenger_id, rental_id, customer_id, has_driving_license) values (218, 1, 49, true);
insert into passenger (passenger_id, rental_id, customer_id, has_driving_license) values (219, 207, 17, true);
insert into passenger (passenger_id, rental_id, customer_id, has_driving_license) values (220, 99, 27, false);
insert into passenger (passenger_id, rental_id, customer_id, has_driving_license) values (221, 245, 4, false);
insert into passenger (passenger_id, rental_id, customer_id, has_driving_license) values (222, 63, 49, true);
insert into passenger (passenger_id, rental_id, customer_id, has_driving_license) values (223, 4, 5, true);
insert into passenger (passenger_id, rental_id, customer_id, has_driving_license) values (224, 65, 33, false);
insert into passenger (passenger_id, rental_id, customer_id, has_driving_license) values (225, 86, 12, true);
insert into passenger (passenger_id, rental_id, customer_id, has_driving_license) values (226, 93, 69, true);
insert into passenger (passenger_id, rental_id, customer_id, has_driving_license) values (227, 95, 28, false);
insert into passenger (passenger_id, rental_id, customer_id, has_driving_license) values (228, 137, 53, true);
insert into passenger (passenger_id, rental_id, customer_id, has_driving_license) values (229, 110, 56, true);
insert into passenger (passenger_id, rental_id, customer_id, has_driving_license) values (230, 40, 48, true);
insert into passenger (passenger_id, rental_id, customer_id, has_driving_license) values (231, 178, 60, false);
insert into passenger (passenger_id, rental_id, customer_id, has_driving_license) values (232, 120, 83, false);
insert into passenger (passenger_id, rental_id, customer_id, has_driving_license) values (233, 36, 58, true);
insert into passenger (passenger_id, rental_id, customer_id, has_driving_license) values (234, 94, 90, true);
insert into passenger (passenger_id, rental_id, customer_id, has_driving_license) values (235, 300, 52, true);
insert into passenger (passenger_id, rental_id, customer_id, has_driving_license) values (236, 174, 27, false);
insert into passenger (passenger_id, rental_id, customer_id, has_driving_license) values (237, 49, 81, false);
insert into passenger (passenger_id, rental_id, customer_id, has_driving_license) values (238, 299, 60, true);
insert into passenger (passenger_id, rental_id, customer_id, has_driving_license) values (239, 238, 79, true);
insert into passenger (passenger_id, rental_id, customer_id, has_driving_license) values (240, 177, 29, false);
insert into passenger (passenger_id, rental_id, customer_id, has_driving_license) values (241, 165, 33, false);
insert into passenger (passenger_id, rental_id, customer_id, has_driving_license) values (242, 225, 63, false);
insert into passenger (passenger_id, rental_id, customer_id, has_driving_license) values (243, 90, 25, false);
insert into passenger (passenger_id, rental_id, customer_id, has_driving_license) values (244, 47, 94, false);
insert into passenger (passenger_id, rental_id, customer_id, has_driving_license) values (245, 233, 25, false);
insert into passenger (passenger_id, rental_id, customer_id, has_driving_license) values (246, 94, 38, false);
insert into passenger (passenger_id, rental_id, customer_id, has_driving_license) values (247, 120, 44, true);
insert into passenger (passenger_id, rental_id, customer_id, has_driving_license) values (248, 288, 6, false);
insert into passenger (passenger_id, rental_id, customer_id, has_driving_license) values (249, 129, 19, true);
insert into passenger (passenger_id, rental_id, customer_id, has_driving_license) values (250, 268, 20, true);
insert into passenger (passenger_id, rental_id, customer_id, has_driving_license) values (251, 288, 12, false);
insert into passenger (passenger_id, rental_id, customer_id, has_driving_license) values (252, 193, 1, true);
insert into passenger (passenger_id, rental_id, customer_id, has_driving_license) values (253, 91, 54, false);
insert into passenger (passenger_id, rental_id, customer_id, has_driving_license) values (254, 14, 94, true);
insert into passenger (passenger_id, rental_id, customer_id, has_driving_license) values (255, 146, 32, false);
insert into passenger (passenger_id, rental_id, customer_id, has_driving_license) values (256, 54, 45, false);
insert into passenger (passenger_id, rental_id, customer_id, has_driving_license) values (257, 120, 57, true);
insert into passenger (passenger_id, rental_id, customer_id, has_driving_license) values (258, 35, 59, false);
insert into passenger (passenger_id, rental_id, customer_id, has_driving_license) values (259, 6, 58, false);
insert into passenger (passenger_id, rental_id, customer_id, has_driving_license) values (260, 278, 70, true);
insert into passenger (passenger_id, rental_id, customer_id, has_driving_license) values (261, 73, 99, false);
insert into passenger (passenger_id, rental_id, customer_id, has_driving_license) values (262, 181, 55, false);
insert into passenger (passenger_id, rental_id, customer_id, has_driving_license) values (263, 99, 38, true);
insert into passenger (passenger_id, rental_id, customer_id, has_driving_license) values (264, 40, 32, false);
insert into passenger (passenger_id, rental_id, customer_id, has_driving_license) values (265, 23, 60, false);
insert into passenger (passenger_id, rental_id, customer_id, has_driving_license) values (266, 206, 87, true);
insert into passenger (passenger_id, rental_id, customer_id, has_driving_license) values (267, 290, 25, false);
insert into passenger (passenger_id, rental_id, customer_id, has_driving_license) values (268, 90, 93, true);
insert into passenger (passenger_id, rental_id, customer_id, has_driving_license) values (269, 72, 47, true);
insert into passenger (passenger_id, rental_id, customer_id, has_driving_license) values (270, 212, 35, false);
insert into passenger (passenger_id, rental_id, customer_id, has_driving_license) values (271, 299, 83, true);
insert into passenger (passenger_id, rental_id, customer_id, has_driving_license) values (272, 84, 84, true);
insert into passenger (passenger_id, rental_id, customer_id, has_driving_license) values (273, 263, 11, false);
insert into passenger (passenger_id, rental_id, customer_id, has_driving_license) values (274, 298, 24, false);
insert into passenger (passenger_id, rental_id, customer_id, has_driving_license) values (275, 29, 62, false);
insert into passenger (passenger_id, rental_id, customer_id, has_driving_license) values (276, 222, 100, true);
insert into passenger (passenger_id, rental_id, customer_id, has_driving_license) values (277, 109, 53, true);
insert into passenger (passenger_id, rental_id, customer_id, has_driving_license) values (278, 268, 77, true);
insert into passenger (passenger_id, rental_id, customer_id, has_driving_license) values (279, 122, 81, false);
insert into passenger (passenger_id, rental_id, customer_id, has_driving_license) values (280, 245, 14, true);
insert into passenger (passenger_id, rental_id, customer_id, has_driving_license) values (281, 104, 25, true);
insert into passenger (passenger_id, rental_id, customer_id, has_driving_license) values (282, 18, 75, false);
insert into passenger (passenger_id, rental_id, customer_id, has_driving_license) values (283, 183, 52, false);
insert into passenger (passenger_id, rental_id, customer_id, has_driving_license) values (284, 122, 18, true);
insert into passenger (passenger_id, rental_id, customer_id, has_driving_license) values (285, 1, 24, true);
insert into passenger (passenger_id, rental_id, customer_id, has_driving_license) values (286, 203, 18, false);
insert into passenger (passenger_id, rental_id, customer_id, has_driving_license) values (287, 275, 68, false);
insert into passenger (passenger_id, rental_id, customer_id, has_driving_license) values (288, 196, 14, false);
insert into passenger (passenger_id, rental_id, customer_id, has_driving_license) values (289, 64, 4, true);
insert into passenger (passenger_id, rental_id, customer_id, has_driving_license) values (290, 165, 15, false);
insert into passenger (passenger_id, rental_id, customer_id, has_driving_license) values (291, 228, 13, false);
insert into passenger (passenger_id, rental_id, customer_id, has_driving_license) values (292, 186, 75, false);
insert into passenger (passenger_id, rental_id, customer_id, has_driving_license) values (293, 194, 83, false);
insert into passenger (passenger_id, rental_id, customer_id, has_driving_license) values (294, 53, 10, true);
insert into passenger (passenger_id, rental_id, customer_id, has_driving_license) values (295, 149, 37, false);
insert into passenger (passenger_id, rental_id, customer_id, has_driving_license) values (296, 254, 21, true);
insert into passenger (passenger_id, rental_id, customer_id, has_driving_license) values (297, 150, 47, true);
insert into passenger (passenger_id, rental_id, customer_id, has_driving_license) values (298, 294, 35, false);
insert into passenger (passenger_id, rental_id, customer_id, has_driving_license) values (299, 149, 52, true);
insert into passenger (passenger_id, rental_id, customer_id, has_driving_license) values (300, 8, 45, false);
insert into passenger (passenger_id, rental_id, customer_id, has_driving_license) values (301, 284, 7, true);
insert into passenger (passenger_id, rental_id, customer_id, has_driving_license) values (302, 20, 39, false);
insert into passenger (passenger_id, rental_id, customer_id, has_driving_license) values (303, 23, 20, false);
insert into passenger (passenger_id, rental_id, customer_id, has_driving_license) values (304, 120, 44, false);
insert into passenger (passenger_id, rental_id, customer_id, has_driving_license) values (305, 90, 57, false);
insert into passenger (passenger_id, rental_id, customer_id, has_driving_license) values (306, 187, 90, false);
insert into passenger (passenger_id, rental_id, customer_id, has_driving_license) values (307, 78, 2, false);
insert into passenger (passenger_id, rental_id, customer_id, has_driving_license) values (308, 148, 70, true);
insert into passenger (passenger_id, rental_id, customer_id, has_driving_license) values (309, 73, 87, false);
insert into passenger (passenger_id, rental_id, customer_id, has_driving_license) values (310, 211, 32, false);
insert into passenger (passenger_id, rental_id, customer_id, has_driving_license) values (311, 1, 37, true);
insert into passenger (passenger_id, rental_id, customer_id, has_driving_license) values (312, 38, 17, true);
insert into passenger (passenger_id, rental_id, customer_id, has_driving_license) values (313, 266, 64, false);
insert into passenger (passenger_id, rental_id, customer_id, has_driving_license) values (314, 145, 8, false);
insert into passenger (passenger_id, rental_id, customer_id, has_driving_license) values (315, 271, 69, false);
insert into passenger (passenger_id, rental_id, customer_id, has_driving_license) values (316, 17, 72, true);
insert into passenger (passenger_id, rental_id, customer_id, has_driving_license) values (317, 173, 91, true);
insert into passenger (passenger_id, rental_id, customer_id, has_driving_license) values (318, 278, 91, true);
insert into passenger (passenger_id, rental_id, customer_id, has_driving_license) values (319, 124, 92, true);
insert into passenger (passenger_id, rental_id, customer_id, has_driving_license) values (320, 32, 81, false);
insert into passenger (passenger_id, rental_id, customer_id, has_driving_license) values (321, 139, 39, true);
insert into passenger (passenger_id, rental_id, customer_id, has_driving_license) values (322, 136, 10, false);
insert into passenger (passenger_id, rental_id, customer_id, has_driving_license) values (323, 107, 52, true);
insert into passenger (passenger_id, rental_id, customer_id, has_driving_license) values (324, 196, 84, false);
insert into passenger (passenger_id, rental_id, customer_id, has_driving_license) values (325, 132, 12, true);
insert into passenger (passenger_id, rental_id, customer_id, has_driving_license) values (326, 68, 36, false);
insert into passenger (passenger_id, rental_id, customer_id, has_driving_license) values (327, 139, 33, true);
insert into passenger (passenger_id, rental_id, customer_id, has_driving_license) values (328, 133, 35, true);
insert into passenger (passenger_id, rental_id, customer_id, has_driving_license) values (329, 47, 83, false);
insert into passenger (passenger_id, rental_id, customer_id, has_driving_license) values (330, 143, 17, true);
insert into passenger (passenger_id, rental_id, customer_id, has_driving_license) values (331, 45, 83, false);
insert into passenger (passenger_id, rental_id, customer_id, has_driving_license) values (332, 124, 71, false);
insert into passenger (passenger_id, rental_id, customer_id, has_driving_license) values (333, 253, 78, true);
insert into passenger (passenger_id, rental_id, customer_id, has_driving_license) values (334, 271, 47, true);
insert into passenger (passenger_id, rental_id, customer_id, has_driving_license) values (335, 101, 40, false);
insert into passenger (passenger_id, rental_id, customer_id, has_driving_license) values (336, 126, 57, true);
insert into passenger (passenger_id, rental_id, customer_id, has_driving_license) values (337, 73, 65, false);
insert into passenger (passenger_id, rental_id, customer_id, has_driving_license) values (338, 39, 67, false);
insert into passenger (passenger_id, rental_id, customer_id, has_driving_license) values (339, 168, 6, true);
insert into passenger (passenger_id, rental_id, customer_id, has_driving_license) values (340, 224, 97, true);
insert into passenger (passenger_id, rental_id, customer_id, has_driving_license) values (341, 256, 81, true);
insert into passenger (passenger_id, rental_id, customer_id, has_driving_license) values (342, 253, 53, false);
insert into passenger (passenger_id, rental_id, customer_id, has_driving_license) values (343, 49, 49, false);
insert into passenger (passenger_id, rental_id, customer_id, has_driving_license) values (344, 21, 76, false);
insert into passenger (passenger_id, rental_id, customer_id, has_driving_license) values (345, 110, 24, true);
insert into passenger (passenger_id, rental_id, customer_id, has_driving_license) values (346, 228, 52, true);
insert into passenger (passenger_id, rental_id, customer_id, has_driving_license) values (347, 81, 91, true);
insert into passenger (passenger_id, rental_id, customer_id, has_driving_license) values (348, 119, 68, true);
insert into passenger (passenger_id, rental_id, customer_id, has_driving_license) values (349, 154, 84, true);
insert into passenger (passenger_id, rental_id, customer_id, has_driving_license) values (350, 229, 4, false);
insert into passenger (passenger_id, rental_id, customer_id, has_driving_license) values (351, 72, 24, true);
insert into passenger (passenger_id, rental_id, customer_id, has_driving_license) values (352, 112, 86, false);
insert into passenger (passenger_id, rental_id, customer_id, has_driving_license) values (353, 99, 4, true);
insert into passenger (passenger_id, rental_id, customer_id, has_driving_license) values (354, 96, 37, true);
insert into passenger (passenger_id, rental_id, customer_id, has_driving_license) values (355, 195, 44, false);
insert into passenger (passenger_id, rental_id, customer_id, has_driving_license) values (356, 164, 37, false);
insert into passenger (passenger_id, rental_id, customer_id, has_driving_license) values (357, 202, 49, false);
insert into passenger (passenger_id, rental_id, customer_id, has_driving_license) values (358, 133, 64, true);
insert into passenger (passenger_id, rental_id, customer_id, has_driving_license) values (359, 149, 82, true);
insert into passenger (passenger_id, rental_id, customer_id, has_driving_license) values (360, 109, 33, false);
insert into passenger (passenger_id, rental_id, customer_id, has_driving_license) values (361, 39, 89, true);
insert into passenger (passenger_id, rental_id, customer_id, has_driving_license) values (362, 131, 84, true);
insert into passenger (passenger_id, rental_id, customer_id, has_driving_license) values (363, 6, 9, true);
insert into passenger (passenger_id, rental_id, customer_id, has_driving_license) values (364, 276, 72, true);
insert into passenger (passenger_id, rental_id, customer_id, has_driving_license) values (365, 230, 42, false);
insert into passenger (passenger_id, rental_id, customer_id, has_driving_license) values (366, 183, 68, false);
insert into passenger (passenger_id, rental_id, customer_id, has_driving_license) values (367, 199, 76, false);
insert into passenger (passenger_id, rental_id, customer_id, has_driving_license) values (368, 34, 47, false);
insert into passenger (passenger_id, rental_id, customer_id, has_driving_license) values (369, 121, 16, false);
insert into passenger (passenger_id, rental_id, customer_id, has_driving_license) values (370, 298, 98, false);
insert into passenger (passenger_id, rental_id, customer_id, has_driving_license) values (371, 27, 86, false);
insert into passenger (passenger_id, rental_id, customer_id, has_driving_license) values (372, 186, 35, false);
insert into passenger (passenger_id, rental_id, customer_id, has_driving_license) values (373, 244, 9, true);
insert into passenger (passenger_id, rental_id, customer_id, has_driving_license) values (374, 27, 22, true);
insert into passenger (passenger_id, rental_id, customer_id, has_driving_license) values (375, 100, 7, false);
insert into passenger (passenger_id, rental_id, customer_id, has_driving_license) values (376, 36, 60, true);
insert into passenger (passenger_id, rental_id, customer_id, has_driving_license) values (377, 47, 24, true);
insert into passenger (passenger_id, rental_id, customer_id, has_driving_license) values (378, 262, 50, false);
insert into passenger (passenger_id, rental_id, customer_id, has_driving_license) values (379, 140, 46, true);
insert into passenger (passenger_id, rental_id, customer_id, has_driving_license) values (380, 152, 85, false);
insert into passenger (passenger_id, rental_id, customer_id, has_driving_license) values (381, 65, 9, true);
insert into passenger (passenger_id, rental_id, customer_id, has_driving_license) values (382, 201, 10, false);
insert into passenger (passenger_id, rental_id, customer_id, has_driving_license) values (383, 2, 53, true);
insert into passenger (passenger_id, rental_id, customer_id, has_driving_license) values (384, 68, 96, true);
insert into passenger (passenger_id, rental_id, customer_id, has_driving_license) values (385, 33, 3, true);
insert into passenger (passenger_id, rental_id, customer_id, has_driving_license) values (386, 6, 29, true);
insert into passenger (passenger_id, rental_id, customer_id, has_driving_license) values (387, 55, 77, true);
insert into passenger (passenger_id, rental_id, customer_id, has_driving_license) values (388, 292, 84, false);
insert into passenger (passenger_id, rental_id, customer_id, has_driving_license) values (389, 146, 91, true);
insert into passenger (passenger_id, rental_id, customer_id, has_driving_license) values (390, 165, 92, true);
insert into passenger (passenger_id, rental_id, customer_id, has_driving_license) values (391, 103, 59, false);
insert into passenger (passenger_id, rental_id, customer_id, has_driving_license) values (392, 117, 63, false);
insert into passenger (passenger_id, rental_id, customer_id, has_driving_license) values (393, 97, 16, false);
insert into passenger (passenger_id, rental_id, customer_id, has_driving_license) values (394, 280, 46, true);
insert into passenger (passenger_id, rental_id, customer_id, has_driving_license) values (395, 242, 70, false);
insert into passenger (passenger_id, rental_id, customer_id, has_driving_license) values (396, 287, 51, true);
insert into passenger (passenger_id, rental_id, customer_id, has_driving_license) values (397, 157, 54, false);
insert into passenger (passenger_id, rental_id, customer_id, has_driving_license) values (398, 298, 22, false);
insert into passenger (passenger_id, rental_id, customer_id, has_driving_license) values (399, 170, 47, true);
insert into passenger (passenger_id, rental_id, customer_id, has_driving_license) values (400, 81, 84, false);
insert into passenger (passenger_id, rental_id, customer_id, has_driving_license) values (401, 270, 74, false);
insert into passenger (passenger_id, rental_id, customer_id, has_driving_license) values (402, 202, 80, true);
insert into passenger (passenger_id, rental_id, customer_id, has_driving_license) values (403, 79, 70, false);
insert into passenger (passenger_id, rental_id, customer_id, has_driving_license) values (404, 171, 62, false);
insert into passenger (passenger_id, rental_id, customer_id, has_driving_license) values (405, 54, 28, false);
insert into passenger (passenger_id, rental_id, customer_id, has_driving_license) values (406, 288, 55, false);
insert into passenger (passenger_id, rental_id, customer_id, has_driving_license) values (407, 179, 52, true);
insert into passenger (passenger_id, rental_id, customer_id, has_driving_license) values (408, 241, 25, true);
insert into passenger (passenger_id, rental_id, customer_id, has_driving_license) values (409, 297, 7, false);
insert into passenger (passenger_id, rental_id, customer_id, has_driving_license) values (410, 13, 76, false);
insert into passenger (passenger_id, rental_id, customer_id, has_driving_license) values (411, 269, 4, false);
insert into passenger (passenger_id, rental_id, customer_id, has_driving_license) values (412, 116, 90, false);
insert into passenger (passenger_id, rental_id, customer_id, has_driving_license) values (413, 87, 88, true);
insert into passenger (passenger_id, rental_id, customer_id, has_driving_license) values (414, 248, 29, true);
insert into passenger (passenger_id, rental_id, customer_id, has_driving_license) values (415, 187, 34, false);
insert into passenger (passenger_id, rental_id, customer_id, has_driving_license) values (416, 109, 41, false);
insert into passenger (passenger_id, rental_id, customer_id, has_driving_license) values (417, 182, 56, false);
insert into passenger (passenger_id, rental_id, customer_id, has_driving_license) values (418, 282, 71, false);
insert into passenger (passenger_id, rental_id, customer_id, has_driving_license) values (419, 20, 65, false);
insert into passenger (passenger_id, rental_id, customer_id, has_driving_license) values (420, 190, 52, false);
insert into passenger (passenger_id, rental_id, customer_id, has_driving_license) values (421, 293, 78, false);
insert into passenger (passenger_id, rental_id, customer_id, has_driving_license) values (422, 297, 98, true);
insert into passenger (passenger_id, rental_id, customer_id, has_driving_license) values (423, 129, 83, true);
insert into passenger (passenger_id, rental_id, customer_id, has_driving_license) values (424, 259, 24, false);
insert into passenger (passenger_id, rental_id, customer_id, has_driving_license) values (425, 41, 33, false);
insert into passenger (passenger_id, rental_id, customer_id, has_driving_license) values (426, 38, 10, false);
insert into passenger (passenger_id, rental_id, customer_id, has_driving_license) values (427, 269, 84, false);
insert into passenger (passenger_id, rental_id, customer_id, has_driving_license) values (428, 77, 10, true);
insert into passenger (passenger_id, rental_id, customer_id, has_driving_license) values (429, 187, 52, false);
insert into passenger (passenger_id, rental_id, customer_id, has_driving_license) values (430, 149, 62, false);
insert into passenger (passenger_id, rental_id, customer_id, has_driving_license) values (431, 58, 78, false);
insert into passenger (passenger_id, rental_id, customer_id, has_driving_license) values (432, 91, 55, true);
insert into passenger (passenger_id, rental_id, customer_id, has_driving_license) values (433, 172, 20, true);
insert into passenger (passenger_id, rental_id, customer_id, has_driving_license) values (434, 190, 3, false);
insert into passenger (passenger_id, rental_id, customer_id, has_driving_license) values (435, 34, 67, true);
insert into passenger (passenger_id, rental_id, customer_id, has_driving_license) values (436, 70, 3, true);
insert into passenger (passenger_id, rental_id, customer_id, has_driving_license) values (437, 169, 79, false);
insert into passenger (passenger_id, rental_id, customer_id, has_driving_license) values (438, 2, 88, true);
insert into passenger (passenger_id, rental_id, customer_id, has_driving_license) values (439, 239, 74, false);
insert into passenger (passenger_id, rental_id, customer_id, has_driving_license) values (440, 21, 90, false);
insert into passenger (passenger_id, rental_id, customer_id, has_driving_license) values (441, 172, 71, false);
insert into passenger (passenger_id, rental_id, customer_id, has_driving_license) values (442, 241, 12, true);
insert into passenger (passenger_id, rental_id, customer_id, has_driving_license) values (443, 193, 40, true);
insert into passenger (passenger_id, rental_id, customer_id, has_driving_license) values (444, 290, 24, false);
insert into passenger (passenger_id, rental_id, customer_id, has_driving_license) values (445, 282, 51, false);
insert into passenger (passenger_id, rental_id, customer_id, has_driving_license) values (446, 108, 97, false);
insert into passenger (passenger_id, rental_id, customer_id, has_driving_license) values (447, 156, 48, false);
insert into passenger (passenger_id, rental_id, customer_id, has_driving_license) values (448, 196, 79, false);
insert into passenger (passenger_id, rental_id, customer_id, has_driving_license) values (449, 197, 53, true);
insert into passenger (passenger_id, rental_id, customer_id, has_driving_license) values (450, 218, 23, true);
insert into passenger (passenger_id, rental_id, customer_id, has_driving_license) values (451, 32, 4, true);
insert into passenger (passenger_id, rental_id, customer_id, has_driving_license) values (452, 127, 17, true);
insert into passenger (passenger_id, rental_id, customer_id, has_driving_license) values (453, 145, 90, true);
insert into passenger (passenger_id, rental_id, customer_id, has_driving_license) values (454, 258, 77, true);
insert into passenger (passenger_id, rental_id, customer_id, has_driving_license) values (455, 142, 44, false);
insert into passenger (passenger_id, rental_id, customer_id, has_driving_license) values (456, 26, 58, true);
insert into passenger (passenger_id, rental_id, customer_id, has_driving_license) values (457, 167, 81, true);
insert into passenger (passenger_id, rental_id, customer_id, has_driving_license) values (458, 55, 95, false);
insert into passenger (passenger_id, rental_id, customer_id, has_driving_license) values (459, 235, 54, false);
insert into passenger (passenger_id, rental_id, customer_id, has_driving_license) values (460, 119, 1, false);
insert into passenger (passenger_id, rental_id, customer_id, has_driving_license) values (461, 119, 71, false);
insert into passenger (passenger_id, rental_id, customer_id, has_driving_license) values (462, 157, 43, false);
insert into passenger (passenger_id, rental_id, customer_id, has_driving_license) values (463, 88, 55, true);
insert into passenger (passenger_id, rental_id, customer_id, has_driving_license) values (464, 180, 85, false);
insert into passenger (passenger_id, rental_id, customer_id, has_driving_license) values (465, 168, 79, false);
insert into passenger (passenger_id, rental_id, customer_id, has_driving_license) values (466, 185, 58, false);
insert into passenger (passenger_id, rental_id, customer_id, has_driving_license) values (467, 296, 56, false);
insert into passenger (passenger_id, rental_id, customer_id, has_driving_license) values (468, 87, 98, false);
insert into passenger (passenger_id, rental_id, customer_id, has_driving_license) values (469, 192, 52, true);
insert into passenger (passenger_id, rental_id, customer_id, has_driving_license) values (470, 243, 34, true);
insert into passenger (passenger_id, rental_id, customer_id, has_driving_license) values (471, 232, 96, false);
insert into passenger (passenger_id, rental_id, customer_id, has_driving_license) values (472, 72, 40, false);
insert into passenger (passenger_id, rental_id, customer_id, has_driving_license) values (473, 59, 91, false);
insert into passenger (passenger_id, rental_id, customer_id, has_driving_license) values (474, 182, 20, false);
insert into passenger (passenger_id, rental_id, customer_id, has_driving_license) values (475, 36, 51, false);
insert into passenger (passenger_id, rental_id, customer_id, has_driving_license) values (476, 92, 43, true);
insert into passenger (passenger_id, rental_id, customer_id, has_driving_license) values (477, 280, 16, false);
insert into passenger (passenger_id, rental_id, customer_id, has_driving_license) values (478, 36, 43, true);
insert into passenger (passenger_id, rental_id, customer_id, has_driving_license) values (479, 207, 49, true);
insert into passenger (passenger_id, rental_id, customer_id, has_driving_license) values (480, 192, 1, false);
insert into passenger (passenger_id, rental_id, customer_id, has_driving_license) values (481, 61, 95, true);
insert into passenger (passenger_id, rental_id, customer_id, has_driving_license) values (482, 177, 25, true);
insert into passenger (passenger_id, rental_id, customer_id, has_driving_license) values (483, 195, 21, false);
insert into passenger (passenger_id, rental_id, customer_id, has_driving_license) values (484, 167, 94, true);
insert into passenger (passenger_id, rental_id, customer_id, has_driving_license) values (485, 98, 88, false);
insert into passenger (passenger_id, rental_id, customer_id, has_driving_license) values (486, 5, 69, true);
insert into passenger (passenger_id, rental_id, customer_id, has_driving_license) values (487, 62, 66, false);
insert into passenger (passenger_id, rental_id, customer_id, has_driving_license) values (488, 70, 47, false);
insert into passenger (passenger_id, rental_id, customer_id, has_driving_license) values (489, 74, 90, true);
insert into passenger (passenger_id, rental_id, customer_id, has_driving_license) values (490, 123, 48, true);
insert into passenger (passenger_id, rental_id, customer_id, has_driving_license) values (491, 179, 16, false);
insert into passenger (passenger_id, rental_id, customer_id, has_driving_license) values (492, 227, 61, false);
insert into passenger (passenger_id, rental_id, customer_id, has_driving_license) values (493, 138, 13, false);
insert into passenger (passenger_id, rental_id, customer_id, has_driving_license) values (494, 188, 24, true);
insert into passenger (passenger_id, rental_id, customer_id, has_driving_license) values (495, 285, 91, false);
insert into passenger (passenger_id, rental_id, customer_id, has_driving_license) values (496, 157, 56, false);
insert into passenger (passenger_id, rental_id, customer_id, has_driving_license) values (497, 139, 3, true);
insert into passenger (passenger_id, rental_id, customer_id, has_driving_license) values (498, 174, 18, false);
insert into passenger (passenger_id, rental_id, customer_id, has_driving_license) values (499, 112, 2, true);
insert into passenger (passenger_id, rental_id, customer_id, has_driving_license) values (500, 206, 68, true);
